from_competition,to_competition,transfers,unique_players,avg_age,median_market_value
,,1301,456,20.849653045489593,0.0
,USL,71,54,22.661971830985916,0.0
USL,USL,57,31,26.29824561403509,200000.0
THA1,THA1,44,19,27.59090909090909,175000.0
MLS1,USL,42,25,22.38095238095238,187500.0
,CDN1,37,32,24.405405405405407,75000.0
IND1,IND1,36,24,31.22222222222222,300000.0
,PFL1,34,33,24.970588235294116,0.0
IND1,,32,32,31.65625,212500.0
USL,MLS1,32,18,21.96875,175000.0
,MAL1,31,26,24.903225806451612,25000.0
,MYS1,28,21,27.071428571428573,112500.0
,MLS1,25,23,20.84,0.0
USL,,25,22,22.8,125000.0
,ARM2,24,18,23.91304347826087,0.0
MAL1,MAL1,21,15,27.61904761904762,150000.0
,SER1,21,16,19.857142857142858,0.0
,AUS1,21,18,21.571428571428573,0.0
SER1,SER1,21,12,21.285714285714285,300000.0
MYS1,MYS1,20,14,28.25,187500.0
,PO2,20,15,22.2,0.0
KR1,KR1,20,4,23.5,500000.0
,THA1,19,18,25.63157894736842,125000.0
,MAL2,19,18,24.526315789473685,0.0
,IND1,19,18,30.42105263157895,300000.0
AUS1,AUS1,19,10,22.842105263157894,300000.0
BRA1,BRA1,18,5,22.833333333333332,725000.0
,USC3,17,16,21.41176470588235,0.0
MLS1,,16,15,24.25,187500.0
,THA2,16,12,27.5,0.0
NL1,NL1,16,8,24.9375,700000.0
ES1,ES2,16,8,22.9375,750000.0
,SFA1,16,9,23.5625,87500.0
SER1,,16,14,21.0,50000.0
IN1L,IN1L,16,14,29.333333333333332,262500.0
GR1,GR1,15,6,23.733333333333334,400000.0
IT2,IT1,15,3,20.6,800000.0
ES2,ES2,15,9,26.466666666666665,550000.0
THA2,THA1,15,11,30.0,150000.0
MLS1,MLS1,15,8,25.6,1000000.0
MAL2,,15,14,25.666666666666668,50000.0
THA1,THA2,14,10,30.571428571428573,150000.0
IT1,IT1,14,1,24.214285714285715,0.0
,HGKG,14,12,25.714285714285715,25000.0
RO1,RO1,14,8,24.214285714285715,250000.0
,BRA1,14,10,20.571428571428573,0.0
SFA1,SFA1,13,7,23.615384615384617,475000.0
SFA1,,13,7,25.615384615384617,150000.0
IT1,IT2,13,3,19.923076923076923,800000.0
CDN1,CDN1,13,9,25.692307692307693,175000.0
,RO1,13,10,22.153846153846153,0.0
BRA2,,13,7,22.692307692307693,100000.0
FR2,FR2,13,9,24.384615384615383,600000.0
GB3,GB2,12,8,21.75,200000.0
NL2,NL2,12,8,23.583333333333332,262500.0
BU1,BU1,12,7,23.833333333333332,300000.0
FR2,FR1,12,10,23.25,700000.0
,GB3,12,7,20.166666666666668,0.0
,TUN1,12,7,24.666666666666668,0.0
PO1,PO1,12,3,22.166666666666668,850000.0
MYS1,,12,11,30.083333333333332,125000.0
FR1,FR2,12,8,23.25,650000.0
ES2,ES1,12,6,23.583333333333332,750000.0
BRA1,BRA2,12,7,22.416666666666668,250000.0
THA1,,11,11,29.272727272727273,300000.0
,WER1,11,8,20.0,0.0
PFL1,,11,11,24.818181818181817,50000.0
GB4,GB3,11,6,24.818181818181817,150000.0
,INIL,11,8,29.0,150000.0
,IN1L,11,11,28.4,200000.0
FR3,FR2,11,8,22.90909090909091,300000.0
,BRA2,11,5,22.727272727272727,0.0
ES1,ES1,11,4,24.818181818181817,2000000.0
UZ1,UZ1,11,5,22.272727272727273,150000.0
MNE1,MNE1,11,4,24.636363636363637,125000.0
CPSC,,11,7,23.727272727272727,0.0
PO2,PO2,11,8,23.0,175000.0
,SC1,11,11,25.0,300000.0
GB3,GB3,11,8,25.272727272727273,300000.0
,UKR1,11,8,21.90909090909091,250000.0
HGKG,HGKG,10,5,22.8,25000.0
,LI1,10,9,22.7,12500.0
GB3,,10,7,21.1,0.0
,ZYP1,10,7,23.0,100000.0
MAL1,,10,9,25.5,137500.0
MT1P,,10,10,29.1,150000.0
BGD1,BGD1,10,1,25.3,0.0
RSK2,RSK2,10,7,25.4,287500.0
RU1,RU1,10,6,24.7,500000.0
USC3,USL,10,9,25.1,162500.0
,FR2,10,9,22.9,125000.0
FR2,FR3,10,7,22.1,225000.0
,ES3B,10,9,21.9,0.0
BRA2,BRA1,10,6,23.1,187500.0
,SE2,10,9,21.0,0.0
PO2,,10,8,26.2,75000.0
TDeC,TDeC,9,3,22.555555555555557,250000.0
,VIE1,9,8,25.11111111111111,100000.0
MNP3,USL,9,7,24.666666666666668,200000.0
GB2,GB3,9,6,21.0,200000.0
INIL,,9,9,29.77777777777778,100000.0
MAZ1,MAZ1,9,3,24.444444444444443,150000.0
GE1N,GE1N,9,6,22.666666666666668,175000.0
NL1,NL2,9,8,21.444444444444443,150000.0
ZYP1,ZYP1,9,3,26.0,200000.0
NL2,NL1,9,7,21.666666666666668,200000.0
SE2,SE2,9,3,23.444444444444443,100000.0
,GB21,9,8,18.22222222222222,0.0
,MAZ1,9,3,22.11111111111111,150000.0
,MNE1,9,6,22.0,50000.0
JAP1,JAP2,9,7,25.11111111111111,325000.0
NL1,,8,5,26.875,475000.0
,ES3C,8,6,20.375,0.0
,BU1,8,8,23.75,137500.0
,PO1,8,6,23.25,75000.0
,MNP3,8,8,21.0,0.0
FR1,FR1,8,6,21.625,1750000.0
PO1,,8,6,23.125,125000.0
,TFPL,8,8,25.75,0.0
ES2,ES3C,8,4,21.625,300000.0
AUS1,,8,8,29.375,400000.0
,UZ1,8,5,23.125,25000.0
MT1P,MT1P,8,7,29.875,250000.0
,NLS6,8,5,24.625,0.0
THA2,THA2,8,6,29.125,137500.0
,GB2,8,6,18.875,0.0
SB19,SER1,8,8,17.75,0.0
GB1,GB1,8,3,25.75,5250000.0
KAS1,KAS1,8,7,28.5,375000.0
,CPSC,8,6,22.625,0.0
ZYP1,,8,6,25.25,175000.0
VIE1,VIE1,8,7,26.5,162500.0
,NLAJ,7,7,16.714285714285715,0.0
GB2,,7,4,24.0,500000.0
PO2,PO1,7,7,23.714285714285715,400000.0
,BO1A,7,4,22.142857142857142,125000.0
,GB4,7,6,20.571428571428573,0.0
SE3S,SE2,7,5,22.428571428571427,0.0
,CN2C,7,7,22.285714285714285,0.0
CSL,CLO,7,5,29.0,150000.0
,ES2,7,7,26.857142857142858,400000.0
GB3,GB4,7,4,23.571428571428573,150000.0
SL1,SL1,7,4,21.714285714285715,150000.0
MAL2,MAL1,7,6,26.857142857142858,75000.0
LI1,,7,6,25.142857142857142,75000.0
MAZ1,,7,3,24.857142857142858,150000.0
ISR1,ISR1,7,3,24.285714285714285,300000.0
,NO1,7,5,21.428571428571427,0.0
PFL1,PFL1,7,6,27.857142857142858,25000.0
,CLO,7,5,27.714285714285715,350000.0
GE1N,KAS1,7,5,27.142857142857142,250000.0
GR1,,7,7,28.285714285714285,400000.0
NO2,NO1,7,5,24.0,250000.0
,SL1,7,7,21.142857142857142,0.0
ARM1,ARM1,7,4,23.285714285714285,150000.0
CDN1,,7,7,24.285714285714285,100000.0
,ARM1,7,7,23.0,100000.0
,BOS1,7,6,25.571428571428573,150000.0
VZ1C,VZ1C,7,2,23.285714285714285,225000.0
RSK1,RSK1,7,6,25.857142857142858,450000.0
WER1,,7,5,21.0,100000.0
COL1,COL1,7,3,25.428571428571427,450000.0
UKR1,,7,6,22.142857142857142,300000.0
RSK2,RSK1,7,3,24.428571428571427,325000.0
MAL1,MAL2,6,5,26.0,5000.0
,GB1,6,4,20.833333333333332,50000.0
GB4,,6,5,21.333333333333332,87500.0
IRN1,,6,6,28.166666666666668,300000.0
AUS1,IND1,6,6,29.0,375000.0
,LET1,6,6,23.333333333333332,37500.0
,SLO1,6,6,20.166666666666668,0.0
,NL2,6,6,22.333333333333332,137500.0
,NZL1,6,4,20.5,37500.0
TS1,TS1,6,2,25.833333333333332,600000.0
THA1,MYS1,6,6,29.5,250000.0
GB4,GB4,6,5,23.666666666666668,87500.0
GB4,CNAT,6,4,22.166666666666668,0.0
,NL1,6,4,24.833333333333332,425000.0
ARM2,,6,5,28.0,37500.0
,CN2B,6,5,26.0,0.0
,ISR1,6,5,25.833333333333332,400000.0
BE1,BE1,6,4,26.833333333333332,1200000.0
GB21,,6,5,19.666666666666668,0.0
GB21,GB2,6,4,20.666666666666668,50000.0
MAR1,MAR1,6,4,26.5,450000.0
LIB1,LIB1,6,1,19.5,175000.0
ES3D,ES2,6,4,22.833333333333332,350000.0
GB2,GB1,6,4,23.666666666666668,2625000.0
,COL1,6,6,22.333333333333332,0.0
,ES3A,6,5,22.166666666666668,0.0
SE2,,6,5,23.666666666666668,100000.0
SE2,SE3S,6,4,21.0,37500.0
SER2,SER1,6,4,21.5,187500.0
SER1,SER2,6,4,20.0,112500.0
L2,L3,6,4,22.833333333333332,325000.0
SC1,GB2,6,3,26.166666666666668,600000.0
USC3,,6,6,20.0,42500.0
USL,USC3,6,5,23.833333333333332,150000.0
,CNAT,6,4,21.833333333333332,0.0
,CN2D,6,6,18.833333333333332,0.0
NLS6,,6,5,25.833333333333332,0.0
NLN6,,6,6,22.833333333333332,0.0
FR3,,6,6,28.333333333333332,250000.0
CYP2,,6,6,28.666666666666668,75000.0
L2,L2,6,4,24.0,700000.0
URUC,URUC,6,3,25.666666666666668,500000.0
,BH1L,6,2,21.666666666666668,50000.0
TUN1,TUN1,6,2,27.5,62500.0
THA2,,6,6,26.166666666666668,50000.0
BU1,,6,6,24.833333333333332,350000.0
,RSK2,6,6,26.166666666666668,287500.0
,SIN1,6,5,19.333333333333332,12500.0
IN1L,MYS1,6,5,30.5,225000.0
GU1C,GU1C,6,2,26.0,162500.0
IN1L,,5,5,28.8,125000.0
ILI2,ILI2,5,4,26.8,150000.0
NO2,NO2,5,4,23.4,100000.0
,PT3A,5,5,25.6,0.0
GRS2,,5,4,29.2,0.0
NO1,,5,3,22.8,50000.0
CNAT,GB4,5,3,22.4,0.0
,BE2,5,4,23.4,250000.0
UKR1,UKR1,5,3,25.0,550000.0
CNAT,CNAT,5,4,26.4,0.0
,AR1N,5,2,22.0,500000.0
GEO1,GEO1,5,2,20.6,350000.0
,MAR1,5,4,22.4,0.0
,RSK1,5,5,21.4,0.0
,PL1,5,5,23.4,400000.0
,JAP3,5,5,23.6,0.0
,JAP2,5,5,20.6,0.0
,JAP1,5,5,21.2,0.0
GB2,SC1,5,2,26.8,600000.0
,BU2,5,4,23.4,0.0
ES3C,ES2,5,4,22.0,200000.0
ISR1,,5,4,26.8,500000.0
MAL2,MAL2,5,5,24.6,0.0
MEX2,MEXA,5,5,25.2,400000.0
,HK2L,5,4,24.8,0.0
,LIB1,5,4,24.6,0.0
BE1,FR3,5,2,23.6,300000.0
,IRN1,5,5,24.8,75000.0
,DK2,5,4,23.0,0.0
,TAD1,5,4,22.6,0.0
,GB18,5,4,16.2,0.0
,ES3D,5,5,23.2,0.0
BGD1,,5,4,29.8,100000.0
SB19,,5,5,18.0,0.0
IS1,,5,3,23.0,0.0
SC1,,5,5,28.6,250000.0
NL2,,5,5,26.0,250000.0
RSK1,RSK2,5,2,26.6,475000.0
JAP2,JAP1,5,4,23.4,250000.0
GB2,GB2,5,3,26.8,1250000.0
KR2,KR1,5,3,19.4,0.0
C2,C1,5,3,23.2,200000.0
GB18,GB21,5,5,18.4,0.0
,EGY1,5,5,22.8,100000.0
BRA1,,5,3,21.0,50000.0
TR1,,5,4,30.0,900000.0
GB1,L1,5,3,26.2,3000000.0
JAP2,JAP3,5,4,25.2,125000.0
FR3,BE1,5,2,24.4,300000.0
FR2,,5,5,27.6,350000.0
,DK1,5,4,21.6,0.0
ARM2,ARM2,5,4,24.2,10000.0
ARM1,,5,5,24.0,150000.0
GB4,GB2,5,4,20.6,150000.0
MEXA,MEX2,5,4,24.0,500000.0
SL2,SL1,5,4,21.2,100000.0
MOL1,MOL1,5,1,22.2,25000.0
,SL2,5,5,22.2,0.0
CLO,CLO,5,5,28.6,150000.0
,WER2,5,4,22.0,0.0
,NO2,5,3,18.8,0.0
A2VI,,5,4,20.4,0.0
ARM1,ARM2,4,3,27.25,112500.0
,MEX2,4,4,23.75,300000.0
,A2SW,4,4,24.5,0.0
,ALB1,4,3,20.25,50000.0
,J2J3,4,4,24.75,100000.0
AR1N,,4,3,23.0,575000.0
,RLSW,4,4,27.75,162500.0
,KAS1,4,3,29.0,637500.0
,UNG1,4,4,21.25,50000.0
GR1,GRS2,4,2,23.0,150000.0
GHPL,,4,4,23.25,62500.0
,UKR2,4,3,21.25,100000.0
PL1,,4,3,26.25,400000.0
NZL1,NZL1,4,4,19.75,112500.0
HK2L,HK2L,4,2,20.75,12500.0
PO1,BRA1,4,3,24.25,750000.0
NZL1,,4,2,22.25,200000.0
PO1,ZYP1,4,2,25.0,775000.0
,TS2,4,2,19.25,0.0
,SC4,4,2,18.25,0.0
MYA1,MYA1,4,2,21.5,50000.0
ES3A,ES1,4,4,21.0,0.0
ES3C,,4,4,21.75,0.0
ES3B,ES1,4,3,20.75,450000.0
ES2,,4,4,30.5,450000.0
RSK1,,4,3,28.0,237500.0
MYS1,IN1L,4,3,30.25,262500.0
ES3A,,4,3,28.0,25000.0
,BGD1,4,4,30.0,175000.0
,A2VI,4,3,22.0,0.0
,ARGC,4,4,19.75,0.0
,MT1P,4,4,26.75,112500.0
WER2,WER1,4,3,21.75,112500.0
WER1,WER1,4,3,21.75,125000.0
BOS2,BOS1,4,3,22.0,137500.0
,BOS2,4,3,20.25,0.0
VIE1,,4,4,27.75,112500.0
BRA2,PO1,4,2,27.25,850000.0
,BJ1,4,4,14.75,0.0
WER2,,4,3,20.0,37500.0
,DKDL,4,4,17.25,0.0
L3,,4,4,24.75,300000.0
C1,C1,4,3,25.25,750000.0
TUN1,,4,3,27.25,250000.0
TR2,,4,4,25.0,337500.0
USC3,MLS1,4,2,19.0,162500.0
FR3,FR3,4,4,24.25,275000.0
BU2,BU2,4,2,24.0,87500.0
FR3,FR1,4,4,20.75,250000.0
L1,L3,4,3,19.75,200000.0
L2,L1,4,2,26.0,1350000.0
UKR2,,4,4,22.25,162500.0
BH1L,,4,2,23.75,25000.0
ES3B,,4,3,26.75,100000.0
MLS1,USC3,4,3,19.5,175000.0
BE2,BE2,4,2,22.25,250000.0
ES3B,ES3B,4,3,26.75,100000.0
SC1,IND1,4,3,30.75,350000.0
SE2,USL,4,1,24.5,350000.0
CN2B,,4,4,30.25,0.0
SER1,KAS1,4,4,27.75,500000.0
CNAT,GB3,4,3,20.5,50000.0
SC4,,4,3,18.75,0.0
CLPD,CL2B,4,2,22.25,100000.0
CYP2,CYP2,4,2,23.0,87500.0
NLBE,NL1,4,4,19.75,50000.0
NLAJ,NLBE,4,4,18.25,0.0
GB1,GB2,4,2,27.0,600000.0
IT2,IT3C,4,2,21.25,125000.0
BJ1,AJ1,4,4,16.25,0.0
NO1,CLO,4,3,27.0,300000.0
,GRS2,4,4,23.25,50000.0
,GR1,4,4,25.75,575000.0
BRA2,BRA2,4,2,24.5,700000.0
BRA1,PO1,4,3,22.25,600000.0
GB1,SC1,4,3,21.25,300000.0
LI1,LI1,4,2,20.0,0.0
CDN1,USL,4,4,25.0,200000.0
UNG1,,4,4,25.75,300000.0
MLS1,MNP3,4,4,22.75,0.0
SIN1,SIN1,4,3,21.5,137500.0
GB21,GB3,4,4,20.0,0.0
,C2,4,4,27.25,100000.0
GB2,GB4,4,3,19.25,225000.0
BOS1,BOS2,4,3,21.75,150000.0
BOS1,BOS1,4,3,25.0,125000.0
BE2,BE1,4,3,25.0,525000.0
GB3,NLN6,4,3,22.75,62500.0
GB3,CNAT,4,3,20.0,50000.0
,KR1,4,4,19.75,25000.0
,IRN2,4,2,21.25,0.0
,IS1,4,2,19.5,0.0
MNP3,MLS1,4,4,22.25,0.0
MT1P,MAL2,4,4,29.5,125000.0
,M20C,4,2,17.5,0.0
MAR1,IND1,4,3,27.5,450000.0
L3,L1,4,3,20.5,250000.0
PO1,PO2,4,4,25.25,300000.0
,IT2,4,4,23.75,300000.0
,CL2B,4,4,26.0,87500.0
,NLN6,4,4,18.25,0.0
,NLAE,4,4,16.5,0.0
IND1,IN1L,4,4,32.0,350000.0
INIL,INIL,4,3,32.0,200000.0
GB4,SC1,4,4,23.5,225000.0
RO1,,4,3,28.5,125000.0
DK1,DK1,4,3,23.25,200000.0
IRN1,IRN1,4,2,23.0,37500.0
BE1,,4,4,28.25,400000.0
CL2B,CLPD,4,2,22.5,225000.0
SLO1,,4,4,22.0,50000.0
MNP3,,4,4,22.0,25000.0
MNE2,MNE1,4,2,20.5,25000.0
TAD1,TAD1,4,3,23.0,0.0
,UZ2L,4,4,22.75,0.0
,URUC,4,3,19.25,0.0
ARGC,ARG2,3,2,23.0,50000.0
,KG1L,3,1,30.0,0.0
,SC3,3,3,25.333333333333332,0.0
,SE1,3,2,24.333333333333332,300000.0
A2,A1,3,2,20.333333333333332,200000.0
A2VI,A2VI,3,3,22.333333333333332,0.0
,SE3S,3,3,21.0,0.0
GR2,GR1,3,3,21.666666666666668,200000.0
GR2,GR2,3,1,29.0,300000.0
GR20,GR1,3,3,18.333333333333332,0.0
A1,A2,3,2,23.333333333333332,200000.0
ALB1,ALB1,3,1,24.333333333333332,675000.0
,SB19,3,3,17.333333333333332,0.0
,VZ1C,3,3,19.666666666666668,0.0
,WAL1,3,2,28.666666666666668,0.0
SL1,SL2,3,2,20.333333333333332,100000.0
SLO1,SLO1,3,2,20.0,0.0
TAD1,UZ1,3,2,25.0,350000.0
CL2B,,3,2,27.666666666666668,300000.0
MEXA,,3,3,27.0,300000.0
MLS1,ES2,3,2,25.333333333333332,2500000.0
MNE1,MNE2,3,2,18.333333333333332,0.0
MNE1,UZ1,3,3,27.333333333333332,275000.0
MNP3,CDN1,3,3,22.333333333333332,100000.0
ES3D,,3,3,23.0,100000.0
CHC2,CHC2,3,1,18.666666666666668,50000.0
LIB1,,3,3,25.666666666666668,100000.0
M20C,,3,3,19.0,0.0
MAR1,,3,3,23.666666666666668,150000.0
ES3C,ES3C,3,3,23.666666666666668,0.0
SE3S,SE3S,3,3,21.0,25000.0
SE3S,,3,2,25.0,0.0
SER2,,3,3,27.0,200000.0
SE2,SE1,3,3,24.666666666666668,400000.0
CLO,,3,3,28.666666666666668,200000.0
CLPD,CLPD,3,1,20.666666666666668,500000.0
SE1,SE3S,3,2,23.333333333333332,0.0
SB19,SER2,3,3,17.666666666666668,0.0
SC2,,3,3,21.666666666666668,250000.0
SE1,,3,2,25.333333333333332,350000.0
UZ1,IRN1,3,3,26.0,700000.0
USL,SE2,3,1,25.0,350000.0
KR1,,3,3,28.666666666666668,50000.0
L3,L3,3,3,23.0,150000.0
LET1,WER1,3,3,23.333333333333332,200000.0
FR1,,3,3,25.666666666666668,2400000.0
FR1,BE1,3,3,23.0,800000.0
FR1,FR3,3,3,22.0,500000.0
TR2,TR2,3,3,24.666666666666668,375000.0
CDN1,VIE1,3,2,25.333333333333332,125000.0
UA3L,,3,3,23.666666666666668,0.0
C1,C2,3,3,24.0,100000.0
BU2,BU1,3,2,20.333333333333332,50000.0
BU2,,3,3,27.333333333333332,100000.0
JAP3,JAP2,3,3,21.333333333333332,150000.0
KAS1,GE1N,3,2,29.333333333333332,250000.0
JAP1,JAP1,3,1,28.666666666666668,1700000.0
KAS1,HGKG,3,3,29.666666666666668,300000.0
KR2,KR2,3,2,25.333333333333332,250000.0
L1,GB1,3,3,26.666666666666668,10000000.0
L1,L2,3,2,26.666666666666668,1000000.0
USL,CDN1,3,3,26.0,175000.0
USC3,USC3,3,3,26.666666666666668,100000.0
CNAT,,3,2,23.333333333333332,0.0
SC2,SC1,3,3,28.0,250000.0
CN2D,FR3,3,3,21.666666666666668,50000.0
MYS1,THA1,3,3,30.333333333333332,225000.0
NIFS,,3,3,24.666666666666668,25000.0
NL2,AUS1,3,2,24.0,250000.0
ES2,MEXA,3,2,31.333333333333332,500000.0
ES2,MYS1,3,3,28.333333333333332,800000.0
ES2,ES3D,3,3,23.333333333333332,300000.0
RU1,RO1,3,1,24.0,550000.0
,BEL3,3,2,19.333333333333332,0.0
,C3VL,3,3,18.333333333333332,0.0
,CA1F,3,3,22.333333333333332,0.0
ZYP1,PO1,3,2,25.0,750000.0
VZ1C,,3,2,20.666666666666668,0.0
ZYP1,IND1,3,3,32.666666666666664,300000.0
WER1,RU1,3,3,26.0,1200000.0
IT3C,,3,3,28.0,50000.0
GB2,GB21,3,3,20.666666666666668,250000.0
IT3C,IT1,3,2,20.0,225000.0
JAP1,JAP3,3,3,22.333333333333332,125000.0
JAP2,JAP2,3,3,20.333333333333332,150000.0
,AZ1,3,3,26.0,200000.0
CYP2,ZYP1,3,2,25.333333333333332,200000.0
SA1,,3,3,28.333333333333332,500000.0
CSL,,3,3,28.0,1200000.0
SC1,GB3,3,3,24.333333333333332,250000.0
NLN6,GB3,3,2,21.0,50000.0
NNL1,NNL1,3,2,22.666666666666668,125000.0
NO1,NO2,3,3,23.333333333333332,200000.0
NLVB,NLAE,3,3,16.666666666666668,0.0
NPL1,,3,3,30.333333333333332,150000.0
EGY1,,3,3,24.333333333333332,75000.0
RO1,RO2,3,3,21.666666666666668,350000.0
PT23,,3,3,22.0,0.0
PT3A,PT3A,3,2,23.333333333333332,0.0
E3G2,E3G2,3,2,31.333333333333332,250000.0
RLN4,,3,2,25.0,125000.0
BH2S,BOS1,3,2,22.333333333333332,150000.0
,GHPL,3,2,22.333333333333332,25000.0
,GR20,3,3,16.0,0.0
,GU1C,3,2,20.333333333333332,0.0
IT1,,3,3,24.666666666666668,500000.0
ISR1,IND1,3,3,28.0,250000.0
IS2,IS1,3,3,21.666666666666668,10000.0
ISL3,,3,3,28.666666666666668,0.0
GB21,GB4,3,3,20.0,100000.0
ISR2,,3,2,23.0,75000.0
,GE1N,3,3,23.666666666666668,200000.0
,GEO1,3,3,17.0,0.0
,FI1,3,3,23.333333333333332,100000.0
,FR3,3,3,20.0,0.0
,ISR2,3,2,19.666666666666668,0.0
GB3,SC1,3,2,27.333333333333332,125000.0
,IS2,3,2,23.666666666666668,0.0
BE1,BE2,3,3,23.666666666666668,350000.0
BE1,FR2,3,2,23.666666666666668,700000.0
AUS1,RSK2,3,2,27.333333333333332,350000.0
AZ1,KAS1,3,3,28.666666666666668,500000.0
,KR2,3,3,19.333333333333332,0.0
,L3,3,3,22.333333333333332,150000.0
,IR1,3,2,26.0,150000.0
AUS1,MYS1,3,3,26.666666666666668,400000.0
AUS1,A2VI,3,2,21.666666666666668,0.0
,NIS3,3,2,22.666666666666668,0.0
,NISR,3,3,25.0,0.0
IND1,INIL,3,3,30.666666666666668,100000.0
IND1,MYS1,3,3,29.666666666666668,325000.0
INIL,IND1,3,1,23.333333333333332,150000.0
DK2,DK1,3,3,22.666666666666668,50000.0
RO1,RU1,3,1,24.0,550000.0
RO2,RO1,3,3,19.666666666666668,350000.0
DK1,,3,2,23.333333333333332,0.0
DK1,NO1,3,2,23.666666666666668,400000.0
PER2,TDeC,3,3,23.666666666666668,125000.0
PO1,ES1,3,2,25.666666666666668,2800000.0
PO2,PT3A,3,2,24.0,150000.0
IND1,ZYP1,3,3,32.333333333333336,500000.0
HGKG,,3,3,27.333333333333332,400000.0
HGKG,HK2L,3,1,24.0,25000.0
,TDeC,3,3,22.333333333333332,125000.0
,TR2,2,2,20.5,25000.0
,UA3L,2,2,25.5,50000.0
,UAE1,2,2,28.0,575000.0
,UGL1,2,2,23.5,0.0
,VZ1L,2,2,26.5,225000.0
ALB1,,2,2,30.5,100000.0
AJ1,L2,2,2,18.5,162500.0
AJ2,,2,2,19.0,0.0
ALB1,CDN1,2,2,25.0,200000.0
ALG1,,2,2,26.5,100000.0
,PL2,2,2,24.0,50000.0
,OBLG,2,2,22.5,0.0
,OBLJ,2,1,21.0,0.0
,QSL,2,2,29.0,737500.0
GRS2,GR1,2,1,21.5,150000.0
IRN1,THA1,2,2,29.5,550000.0
IRN2,IRN1,2,1,23.0,150000.0
IRN3,,2,2,27.5,12500.0
IND1,LI1,2,2,33.5,187500.0
IND1,THA1,2,2,29.0,312500.0
,MYA1,2,2,21.5,0.0
,NC1A,2,1,17.5,0.0
,JGD3,2,2,14.5,0.0
,ILI2,2,2,29.0,250000.0
,IR2,2,2,19.5,0.0
,IRN3,2,1,22.5,25000.0
GB3,GB21,2,2,20.0,50000.0
GB4,GB21,2,2,21.0,100000.0
GB2,GR1,2,2,26.0,1400000.0
IR1,,2,2,22.5,87500.0
IR2,,2,2,20.5,0.0
,GI1,2,2,26.0,0.0
,FR1,2,2,17.5,0.0
AUS1,THA1,2,2,28.0,350000.0
AZ1,MYS1,2,2,32.5,350000.0
BCP1,,2,2,20.0,0.0
BE1,AZ1,2,2,25.0,487500.0
BE1,FR1,2,2,22.5,1000000.0
BE1,IND1,2,2,27.0,525000.0
,IT4E,2,1,21.5,12500.0
,ITJ1,2,2,17.0,0.0
,ITJ2,2,2,17.5,0.0
BE1,PL1,2,1,28.5,1000000.0
BEL3,BEL3,2,2,21.0,0.0
BEL3,,2,2,19.5,0.0
AZ1,GE1N,2,2,28.0,300000.0
BH1L,INIL,2,1,23.5,112500.0
SC1,GB21,2,2,21.5,775000.0
SC1,GB4,2,2,24.5,450000.0
SC1,SC2,2,2,30.0,312500.0
COL1,,2,2,26.5,375000.0
CPSB,PT3A,2,2,25.0,0.0
CPSC,PO1,2,1,21.5,50000.0
CPSC,PT3A,2,2,23.0,0.0
CNAT,GB2,2,2,19.5,175000.0
NLS6,NLS6,2,2,25.0,25000.0
NO1,NO1,2,1,21.5,75000.0
NO1,GE1N,2,1,22.5,275000.0
NO1,SE1,2,1,22.0,250000.0
NLAJ,,2,2,18.5,0.0
NLAE,NL1,2,2,18.5,75000.0
NLAE,NLBV,2,2,18.5,0.0
NLAJ,NL1,2,2,18.0,0.0
NO31,NO2,2,2,23.5,25000.0
E4G3,,2,1,19.5,0.0
ES1,ES3D,2,1,22.5,400000.0
ES1,GB1,2,2,21.5,4500000.0
ES1,GB2,2,1,25.5,2000000.0
ES1,MEXA,2,1,31.5,1650000.0
ES1,MLS1,2,2,28.5,2000000.0
NLS6,GB3,2,2,19.0,375000.0
RO1,BE1,2,2,22.0,175000.0
RLW3,L3,2,1,23.0,100000.0
RO1,CSL,2,2,28.0,875000.0
RO1,KAS1,2,2,29.0,700000.0
PT3A,,2,2,23.0,0.0
E3G1,E3G2,2,2,33.0,450000.0
DK3O,,2,1,32.5,25000.0
DK1,ISR1,2,2,27.0,375000.0
CN2D,,2,2,18.5,0.0
CNAT,INIL,2,2,30.5,25000.0
CNAT,NLN6,2,1,22.5,0.0
COL1,CO2T,2,1,23.5,150000.0
SC2,USL,2,2,22.5,287500.0
SC3,,2,2,20.5,0.0
SE1,RSK2,2,2,26.5,475000.0
SE1,ISR1,2,1,25.5,775000.0
MOP2,,2,2,23.5,250000.0
NCL1,,2,2,19.0,62500.0
ES3B,ES2,2,2,22.0,225000.0
SER1,CLO,2,2,28.5,650000.0
SER1,CSL,2,2,27.0,500000.0
SER1,IND1,2,1,29.0,225000.0
CN2D,FR1,2,2,20.0,0.0
CN2D,FR2,2,2,19.5,25000.0
NLBE,NL2,2,2,20.5,75000.0
ES2,IND1,2,2,32.0,850000.0
ES1,TR1,2,2,29.5,5325000.0
ES1,URUC,2,1,20.5,625000.0
ES3A,ES3A,2,2,23.5,25000.0
NIS3,,2,2,25.0,0.0
NL1,IN1L,2,2,27.5,525000.0
MYA1,,2,2,23.5,50000.0
CSL,UAE1,2,2,25.5,850000.0
RU2,AZ1,2,2,28.5,450000.0
RU2,RU1,2,2,22.0,487500.0
RU2,RU2,2,2,24.0,425000.0
SA2L,KAS1,2,2,32.0,275000.0
RU1,GB1,2,1,21.5,1375000.0
RU1,KAS1,2,2,26.0,800000.0
RU1,L1,2,1,30.5,3750000.0
MNE1,,2,2,23.5,42500.0
MO1N,MO1N,2,1,25.5,112500.0
MLS1,GB2,2,1,23.0,325000.0
MEXA,MEXA,2,1,32.5,450000.0
THA1,RSK2,2,2,28.0,225000.0
THA1,VIE1,2,2,27.5,325000.0
CL2B,CHL1,2,2,23.5,112500.0
CL2B,THA1,2,1,31.0,175000.0
SE3S,SE1,2,2,22.5,50000.0
ES3B,ES3C,2,2,21.5,150000.0
ES3B,ES3D,2,2,22.5,100000.0
ES3D,IND1,2,2,29.5,125000.0
ES3C,ES3A,2,2,24.0,125000.0
ES3C,ES3D,2,2,21.0,100000.0
EST1,EST2,2,1,17.5,25000.0
MT1P,ILI2,2,2,27.5,80000.0
CN2B,CN2B,2,1,22.0,0.0
CN2C,CN2A,2,2,25.0,0.0
SER1,RSK2,2,2,27.5,650000.0
SER1,WER1,2,2,24.0,600000.0
SER2,SER2,2,2,24.5,262500.0
SE2,RSK2,2,2,26.5,425000.0
SE3N,SE3N,2,2,20.5,0.0
SE3N,,2,2,27.5,150000.0
SE1,NO1,2,2,21.0,200000.0
SE1,SE1,2,2,24.0,450000.0
SC1,GB1,2,2,21.0,300000.0
SL1,,2,2,23.5,275000.0
CN2A,FR1,2,2,20.0,150000.0
CLPI,,2,1,21.5,75000.0
CN2C,,2,2,23.5,12500.0
CN2A,FR2,2,2,22.5,200000.0
UAE1,,2,2,29.0,900000.0
TUN1,SA2L,2,1,30.5,0.0
UGL1,,2,1,22.0,0.0
TR1,TR1,2,1,26.5,1550000.0
TR1,TR2,2,2,24.5,1250000.0
TR2,FR2,2,2,29.0,737500.0
TR2,TR1,2,2,21.0,750000.0
TR4C,,2,1,26.5,0.0
LI1,KAS1,2,2,25.0,450000.0
LPL,,2,2,29.0,237500.0
URUC,AR1N,2,2,25.0,250000.0
C3VL,FR2,2,2,20.5,0.0
CA1F,,2,2,25.5,112500.0
CB20,,2,2,19.5,0.0
CH18,CHPR,2,2,18.0,0.0
TS1,,2,2,21.5,150000.0
SL1,KAS1,2,2,27.0,350000.0
EST2,EST1,2,1,18.5,25000.0
F19A,C3NO,2,2,18.0,0.0
FI1,FI1,2,2,25.5,425000.0
FI3B,FI1,2,2,17.5,0.0
MEXA,ES2,2,1,32.5,600000.0
MEX2,MEX2,2,2,25.0,250000.0
MEX2,USL,2,2,22.5,475000.0
SL2,MAL1,2,2,26.0,150000.0
SL2,SL2,2,2,26.0,112500.0
SL2,,2,1,31.5,250000.0
TAD1,IN1L,2,2,24.0,75000.0
TDeC,AR1N,2,1,25.5,687500.0
TDeC,BO1A,2,2,27.5,375000.0
SL1,KR1,2,1,26.0,700000.0
SIN1,,2,1,22.0,75000.0
UZ1,ARM1,2,2,29.0,162500.0
UZ1,SER1,2,2,25.5,275000.0
UZ1,TAD1,2,2,27.5,425000.0
UZ1,UZ2L,2,2,24.0,425000.0
UZ1,,2,2,28.5,150000.0
URUC,ES1,2,1,20.0,512500.0
URUC,NO1,2,1,19.0,100000.0
URUC,,2,2,31.0,287500.0
KR1,KR2,2,1,19.5,0.0
KR1,L2,2,1,23.5,875000.0
KR1,SL1,2,1,24.5,750000.0
L1,TR1,2,2,30.0,1125000.0
C3NA,FR2,2,2,19.5,125000.0
C3NA,,2,2,21.5,0.0
UZ1,LET1,2,1,20.5,250000.0
USL,PO1,2,1,22.0,187500.0
FR1,GR1,2,2,30.0,2750000.0
FR1,PO1,2,2,22.0,2100000.0
L2,,2,2,30.0,650000.0
LET1,MAL1,2,2,25.0,100000.0
L3,L2,2,2,24.0,625000.0
LET1,LI1,2,2,23.0,187500.0
LET1,UZ1,2,1,20.0,125000.0
LET1,,2,2,26.0,100000.0
TFPL,CLO,2,1,23.5,150000.0
THA1,CLO,2,2,31.5,487500.0
THA1,JAP3,2,2,23.0,250000.0
LUX1,KAS1,2,2,26.5,250000.0
FR1,ES1,2,2,23.0,750000.0
FR2,AUS1,2,1,27.0,1750000.0
FR1,GB1,2,2,22.5,6250000.0
FR1,GB2,2,1,24.0,1500000.0
ZYP1,TR2,2,2,23.5,300000.0
,211F,2,2,19.0,0.0
WAL1,,2,2,28.0,37500.0
WER1,LET1,2,2,23.0,150000.0
C2,,2,2,22.5,125000.0
C3IF,,2,2,18.5,0.0
C3IF,FR3,2,2,20.5,0.0
,C3NA,2,2,19.0,0.0
J18E,,2,2,17.5,0.0
J2J3,J2J3,2,2,31.0,87500.0
J2J3,RSK2,2,2,26.0,100000.0
,BJ3,2,2,15.0,0.0
WER1,UZ2L,2,2,25.0,125000.0
WER1,WER2,2,2,21.5,125000.0
ZYP1,CYP2,2,2,22.5,87500.0
ZYP1,KAS1,2,2,26.5,550000.0
KAS1,RU1,2,2,28.0,425000.0
KAS1,,2,2,29.0,425000.0
KG1L,KG1L,2,1,34.0,75000.0
KG1L,,2,1,28.5,0.0
KHM1,KHM1,2,2,30.0,87500.0
KR1,IND1,2,2,29.5,200000.0
JAP3,JAP1,2,2,27.5,62500.0
JGD3,JGD2,2,2,15.5,0.0
USL,MNP3,2,1,25.5,275000.0
UKR1,JAP1,2,1,28.5,750000.0
UKR1,KAS1,2,2,27.0,1000000.0
UKR1,KR1,2,2,22.0,300000.0
KR2,MYS1,2,2,25.5,262500.0
L2,KR1,2,2,25.5,900000.0
FR2,MAR1,2,2,24.5,800000.0
FR3,SER1,2,2,28.0,950000.0
IT1,FI1,2,1,21.0,87500.0
IT4E,IT4E,2,1,22.0,25000.0
IT4H,IT2,2,1,20.5,75000.0
,DK3V,2,2,23.0,20000.0
,E4G3,2,1,19.5,0.0
,EC2L,2,2,21.5,0.0
,EFD2,2,2,17.5,0.0
,ES1,2,2,25.0,1375000.0
GB2,BE1,2,2,25.5,1100000.0
GB2,BE2,2,2,27.0,350000.0
GB2,CNAT,2,2,19.5,175000.0
IT2,RO1,2,2,24.5,250000.0
IT3A,IT1,2,2,28.5,462500.0
IT3A,IT2,2,2,22.0,150000.0
IT3B,,2,2,25.0,112500.0
IT3C,IT2,2,1,23.0,162500.0
,BE1,2,2,20.5,300000.0
,BH2S,2,2,20.0,0.0
IT3A,IT4E,2,1,19.5,37500.0
GB1,ES1,2,2,26.0,9250000.0
GB18,,2,1,17.5,0.0
GB1,FR1,2,2,29.0,2750000.0
GB1,IT1,2,2,25.0,9500000.0
GB1,,2,2,26.0,750000.0
BU1,GR1,2,2,26.5,525000.0
BU1,BOS1,2,2,28.0,325000.0
BU1,BU2,2,1,21.5,75000.0
BU1,EGY1,2,1,24.0,275000.0
BU1,KAS1,2,2,25.5,325000.0
,A2,2,2,21.5,5000.0
,AJ2,2,2,17.5,0.0
,AND1,2,2,25.5,100000.0
BJ1,,2,2,16.0,0.0
BJ2,AJ2,2,2,16.0,0.0
BO1A,CLO,2,1,26.5,475000.0
BOS1,KAS1,2,2,28.5,250000.0
BO1A,THA1,2,2,26.0,525000.0
BOS1,IN1L,2,2,26.5,375000.0
,CSL,2,2,30.0,1075000.0
,CYP2,2,2,30.0,100000.0
IT2,ISR1,2,1,26.5,1250000.0
ISR2,ISR1,2,2,21.0,75000.0
ISR1,ISR2,2,2,20.0,125000.0
ISR1,IT2,2,1,26.0,1550000.0
ISR1,THA1,2,2,30.5,225000.0
GB21,SC1,2,2,20.5,750000.0
BO1A,KAS1,2,2,26.0,412500.0
BI19,BOS1,2,2,18.5,137500.0
,C3BR,2,2,19.0,0.0
,C3IF,2,2,21.5,0.0
GB2,MLS1,2,1,22.5,300000.0
GB2,SC2,2,2,23.0,200000.0
GB21,AUS1,2,1,20.0,75000.0
GB21,ES3C,2,1,21.5,100000.0
IT1,FR1,2,1,27.0,5550000.0
IT1,IT3C,2,1,20.5,237500.0
BOS1,SER1,2,2,24.0,325000.0
BOS1,,2,2,32.0,150000.0
BOS2,BOS2,2,1,23.5,112500.0
BRA1,BCP1,2,1,22.0,300000.0
,C3CM,2,2,18.0,0.0
,BRA3,2,2,21.5,50000.0
,BRRS,2,2,23.0,100000.0
,C1,2,2,25.0,450000.0
HOC1,USL,2,1,20.0,37500.0
GI1,,2,2,27.0,37500.0
GR1,GR2,2,2,22.5,137500.0
GR1,IND1,2,2,27.0,550000.0
GR1,L2,2,1,22.5,1125000.0
GRS2,GRS2,2,1,23.5,225000.0
,TS1,2,2,22.0,400000.0
A1,A1,2,2,24.5,1000000.0
,MOP2,2,2,23.5,75000.0
GEO2,GE1N,2,2,22.5,125000.0
GHPL,GHPL,2,1,21.5,100000.0
GHPL,MAL1,2,2,23.0,87500.0
ILI2,IN1L,2,2,32.0,175000.0
GRS2,MAL1,2,2,23.5,200000.0
HOC1,MAL1,2,1,28.5,187500.0
HGKG,UNG1,2,1,33.5,400000.0
,RLN4,2,2,25.0,162500.0
,RO2,2,2,26.0,100000.0
AR1N,IND1,2,1,31.0,525000.0
AR1N,TDeC,2,1,25.0,512500.0
AR1N,URUC,2,2,24.5,225000.0
ARG2,ARGC,2,2,22.5,87500.0
ARG2,MAL1,2,2,27.0,100000.0
,MOL1,2,2,20.0,0.0
,NLVB,2,2,15.5,0.0
ATRM,A2,2,1,18.0,50000.0
AUS1,RSK1,2,2,23.5,475000.0
AUS1,CDN1,2,2,23.0,275000.0
AUS1,FR2,2,1,27.0,1500000.0
AUS1,JAP2,2,2,22.5,425000.0
,JUNO,2,2,16.5,0.0
,PT23,2,2,20.5,0.0
DK3O,DK3O,2,1,20.0,0.0
DK2,BOS1,2,2,27.5,400000.0
DK2,DK2,2,2,23.5,225000.0
DK2,UKR1,2,1,25.5,400000.0
RO2,,2,2,25.0,500000.0
RLSW,MAL1,2,1,28.5,175000.0
RSK1,JAP1,2,2,26.5,575000.0
RSK1,JAP2,2,2,29.5,425000.0
PL1,PL1,2,1,28.0,450000.0
OBLG,,2,2,23.5,0.0
NO1,URUC,2,1,19.0,87500.0
NO2,USL,2,2,27.0,250000.0
NO2,,2,1,17.5,0.0
RU1,RU2,2,2,23.0,550000.0
CZ3C,,2,2,22.0,0.0
CZ3M,,2,2,23.5,0.0
PO1,USL,2,1,23.0,200000.0
PO2,AZ1,2,2,26.0,300000.0
PO2,IN1L,2,2,27.0,425000.0
PR1C,PR1C,2,1,24.5,550000.0
PO1,FR1,2,1,22.5,2050000.0
PO1,PL1,2,2,26.5,375000.0
PL1,CSL,2,2,29.5,725000.0
OBLC,OBLC,2,1,26.0,0.0
A1,L2,2,2,22.5,1025000.0
A1,PL1,2,1,25.0,375000.0
A2SW,HGKG,2,2,25.5,0.0
,RU2,2,2,25.0,237500.0
,RUJL,2,2,18.0,0.0
,SA2L,2,2,28.0,125000.0
,SC2,2,2,19.5,0.0
,SE3N,2,1,22.5,0.0
511,,1,1,20.0,0.0
,T211,1,1,19.0,0.0
,TFL2,1,1,29.0,0.0
,SEN1,1,1,23.0,0.0
,SER2,1,1,29.0,200000.0
,SK2,1,1,18.0,0.0
,SL19,1,1,17.0,0.0
,RU16,1,1,15.0,0.0
,S21S,1,1,18.0,75000.0
,SA1,1,1,30.0,300000.0
,SB17,1,1,14.0,0.0
A2SW,AUS1,1,1,22.0,0.0
A2SW,,1,1,20.0,0.0
A2VI,AUS1,1,1,22.0,0.0
A2VI,MAL1,1,1,23.0,0.0
A2VI,MAL2,1,1,24.0,0.0
A2VI,NZL1,1,1,26.0,200000.0
A2,ATRM,1,1,18.0,100000.0
A2,IN1L,1,1,27.0,300000.0
A2,IND1,1,1,31.0,250000.0
A2,OBLF,1,1,21.0,75000.0
A2,TS1,1,1,22.0,175000.0
A2,,1,1,18.0,50000.0
A2SW,A2VI,1,1,23.0,0.0
A1,IT2,1,1,22.0,900000.0
A1,KR1,1,1,25.0,500000.0
,OM1L,1,1,33.0,200000.0
,P232,1,1,20.0,0.0
,NO32,1,1,21.0,50000.0
,NO42,1,1,21.0,0.0
,OBLE,1,1,20.0,0.0
ALB2,MYS1,1,1,32.0,50000.0
ALB2,RU2,1,1,26.0,175000.0
ALB2,,1,1,22.0,100000.0
,RLN3,1,1,22.0,100000.0
,RO2B,1,1,17.0,0.0
,PL32,1,1,18.0,0.0
,PL33,1,1,23.0,0.0
,PR1C,1,1,18.0,0.0
,OLB1,1,1,18.0,0.0
,OLMR,1,1,22.0,0.0
,OLRP,1,1,27.0,0.0
AR3C,AR1N,1,1,22.0,25000.0
AND1,RO1,1,1,29.0,250000.0
AND1,,1,1,25.0,50000.0
AR1N,ARG2,1,1,26.0,150000.0
AR1N,ARY3,1,1,20.0,700000.0
AR1N,B1AP,1,1,28.0,300000.0
AR1N,BRA1,1,1,20.0,750000.0
AR1N,CLPI,1,1,23.0,100000.0
AR3F,,1,1,23.0,0.0
ARG1,PO1,1,1,20.0,1250000.0
ARG1,,1,1,25.0,200000.0
ARG2,ARG1,1,1,25.0,200000.0
ARG2,CLPI,1,1,22.0,150000.0
AR1N,EL1A,1,1,24.0,350000.0
AR1N,GRS2,1,1,24.0,125000.0
AR1N,PO1,1,1,23.0,3500000.0
IND1,BGD1,1,1,35.0,75000.0
IND1,BH1L,1,1,26.0,175000.0
IN1L,IR1,1,1,26.0,250000.0
IN1L,KHM1,1,1,26.0,50000.0
IN1L,MEX2,1,1,32.0,400000.0
IN1L,PFL1,1,1,26.0,150000.0
IN1L,SER2,1,1,30.0,200000.0
IN1L,TAD1,1,1,27.0,0.0
GRS2,ZYP1,1,1,29.0,300000.0
GU1A,GU1A,1,1,28.0,125000.0
GU1C,GE1N,1,1,24.0,200000.0
IN20,ILI2,1,1,20.0,0.0
IN3L,PFL1,1,1,21.0,10000.0
IND1,A4ST,1,1,34.0,300000.0
IND1,AR1N,1,1,31.0,500000.0
IND1,BEL3,1,1,34.0,200000.0
GU1C,MYS1,1,1,27.0,600000.0
GU1C,TFPL,1,1,30.0,150000.0
HBZA,NTD,1,1,20.0,0.0
HGKG,CLO,1,1,27.0,400000.0
HGKG,IN1L,1,1,30.0,500000.0
GRS2,IND1,1,1,27.0,300000.0
GRS2,PO1,1,1,23.0,200000.0
GRS2,UKR1,1,1,22.0,150000.0
IJ1,IT1,1,1,19.0,100000.0
IJ1,IT3A,1,1,19.0,75000.0
IJ1,MAL1,1,1,18.0,75000.0
IJ2A,IT3C,1,1,19.0,25000.0
HGKG,JAP3,1,1,22.0,100000.0
HGKG,TFPL,1,1,25.0,150000.0
HK2L,HGKG,1,1,22.0,0.0
HK3L,TFL2,1,1,33.0,0.0
GEO2,,1,1,26.0,75000.0
GHPL,MAL2,1,1,28.0,150000.0
GE1N,USL,1,1,24.0,125000.0
GE1N,UZ2L,1,1,32.0,275000.0
GE1N,ZYP1,1,1,20.0,500000.0
GE1N,,1,1,29.0,225000.0
GEO1,GE2H,1,1,23.0,250000.0
GEO1,PL1,1,1,18.0,50000.0
GHPL,PFL1,1,1,26.0,25000.0
GHPL,SC1,1,1,18.0,100000.0
GHPL,SER1,1,1,22.0,75000.0
GHPL,SFA1,1,1,20.0,125000.0
GI1,GI2,1,1,20.0,0.0
GEO2,AZ1,1,1,26.0,125000.0
GEO2,GEO1,1,1,23.0,250000.0
GEO2,PFL1,1,1,26.0,0.0
IJ2A,NIFS,1,1,19.0,25000.0
IJ2B,IT3C,1,1,19.0,50000.0
IJ2B,,1,1,18.0,50000.0
ILI2,BH1L,1,1,28.0,225000.0
ILI2,INR1,1,1,32.0,125000.0
GB3,CLO,1,1,32.0,150000.0
GHPL,MLS1,1,1,20.0,0.0
GHPL,MT1P,1,1,29.0,100000.0
IN1L,VIE1,1,1,28.0,125000.0
ILI2,NPL1,1,1,28.0,200000.0
ILI2,PFL1,1,1,26.0,75000.0
ILI2,TAD1,1,1,20.0,175000.0
ILI2,,1,1,20.0,0.0
IN1L,EGY1,1,1,27.0,325000.0
IN1L,HGKG,1,1,25.0,125000.0
IN1L,IND1,1,1,30.0,400000.0
IND1,KR1,1,1,33.0,150000.0
IND1,BU1,1,1,27.0,300000.0
IND1,FI1,1,1,35.0,200000.0
IND1,FR3,1,1,32.0,525000.0
IND1,GB3,1,1,28.0,200000.0
IND1,GB4,1,1,34.0,150000.0
IND1,HOC1,1,1,34.0,175000.0
IRN2,IRN2,1,1,25.0,75000.0
IND1,RLN3,1,1,27.0,325000.0
IND1,SC1,1,1,33.0,300000.0
IND1,SE2,1,1,29.0,400000.0
IND1,INR1,1,1,38.0,125000.0
IND1,IS1,1,1,32.0,175000.0
IND1,JO1L,1,1,27.0,200000.0
IND1,KG1L,1,1,31.0,275000.0
IND1,KHM1,1,1,24.0,375000.0
IND1,TAD1,1,1,30.0,300000.0
IND1,UKR1,1,1,25.0,550000.0
IND1,USL,1,1,31.0,250000.0
IND2,,1,1,32.0,150000.0
IND1,MAR1,1,1,29.0,450000.0
IND1,NL2,1,1,30.0,475000.0
IND1,PL2,1,1,35.0,250000.0
IND1,PO2,1,1,34.0,300000.0
GEO1,,1,1,17.0,0.0
GE1N,GU1C,1,1,25.0,100000.0
GE1N,HGKG,1,1,32.0,125000.0
GE1N,ISR2,1,1,23.0,175000.0
GE1N,NO1,1,1,23.0,450000.0
GE1N,SA2L,1,1,34.0,300000.0
ILI2,LUX1,1,1,25.0,75000.0
IND1,SER1,1,1,29.0,300000.0
GE1N,CLO,1,1,28.0,200000.0
GB3,SE1,1,1,19.0,0.0
GB4,GB1,1,1,19.0,500000.0
GB3,ISR1,1,1,29.0,300000.0
GB3,NLS6,1,1,18.0,0.0
GB21,RU1,1,1,20.0,0.0
GB21,SC2,1,1,21.0,0.0
GB21,SE1,1,1,21.0,150000.0
INIL,NPL1,1,1,31.0,150000.0
INIL,OBLC,1,1,35.0,0.0
INIL,SL2,1,1,31.0,250000.0
INIL,THA1,1,1,31.0,325000.0
GB4,IND1,1,1,32.0,350000.0
GB4,NLS6,1,1,21.0,50000.0
GBRN,GB3,1,1,21.0,100000.0
GE1N,AZ1,1,1,26.0,250000.0
IRN1,RSK2,1,1,24.0,75000.0
IRN1,TAD1,1,1,23.0,450000.0
IRN1,UKR1,1,1,28.0,700000.0
INR1,NPL1,1,1,32.0,0.0
INR1,OFPL,1,1,38.0,0.0
IR1,USL,1,1,31.0,100000.0
IRN1,IRN2,1,1,23.0,75000.0
INIL,MYS1,1,1,27.0,0.0
IRN2,IRN3,1,1,30.0,25000.0
IRN3,IRN2,1,1,29.0,0.0
IRQ1,IN1L,1,1,22.0,175000.0
IRQ1,THA1,1,1,33.0,100000.0
IS1,IND1,1,1,31.0,175000.0
IRN1,IS1,1,1,21.0,150000.0
IRN1,JAP1,1,1,28.0,1500000.0
IRN1,QSL,1,1,28.0,350000.0
IS1,USL,1,1,25.0,250000.0
IT2,FR1,1,1,23.0,500000.0
IT2,IT2,1,1,32.0,300000.0
IT2,IT3A,1,1,21.0,150000.0
IT2,IT3B,1,1,24.0,125000.0
IT2,IT4H,1,1,20.0,50000.0
IT1,PO1,1,1,24.0,2800000.0
IT1,SE1,1,1,19.0,150000.0
ISR1,CLO,1,1,30.0,500000.0
ISR1,DK1,1,1,25.0,600000.0
IS1,IS1,1,1,35.0,100000.0
IS1,IS2,1,1,19.0,0.0
IS1,RSK1,1,1,23.0,125000.0
IS1,SE1,1,1,23.0,0.0
IS1,SE2,1,1,26.0,50000.0
IS1,UKR1,1,1,24.0,400000.0
ISR1,JAP1,1,1,24.0,400000.0
ISR1,JAP2,1,1,26.0,325000.0
ISR1,KR1,1,1,29.0,350000.0
ISR1,RO1,1,1,26.0,350000.0
ISR1,RSK2,1,1,28.0,275000.0
IS2,PFL1,1,1,24.0,10000.0
ISR1,AUS1,1,1,28.0,350000.0
ISR1,BO1A,1,1,27.0,450000.0
GB21,VIE1,1,1,19.0,0.0
GB3,AUS1,1,1,26.0,100000.0
INIL,VIE1,1,1,33.0,175000.0
ISR1,SC1,1,1,30.0,350000.0
ISR1,SE1,1,1,26.0,400000.0
ISR1,SER1,1,1,28.0,500000.0
ISR1,VIE1,1,1,29.0,300000.0
ISR2,GE1N,1,1,23.0,175000.0
GB21,CNAT,1,1,21.0,100000.0
GB21,ES1,1,1,21.0,750000.0
GB2,IND1,1,1,32.0,475000.0
GB2,IT1,1,1,25.0,700000.0
GB2,MNP3,1,1,21.0,300000.0
GB2,NL1,1,1,25.0,250000.0
GB2,SE1,1,1,25.0,875000.0
GB2,ES1,1,1,25.0,2000000.0
GB21,ES3D,1,1,20.0,200000.0
GB21,NL1,1,1,18.0,0.0
GB21,NO1,1,1,20.0,350000.0
GB21,PO1,1,1,22.0,0.0
GB2,TR1,1,1,33.0,1800000.0
GB2,UD2L,1,1,21.0,0.0
GB2,ZYP1,1,1,33.0,1000000.0
GB21,CDN1,1,1,21.0,0.0
IT1,IT4H,1,1,19.0,50000.0
ISR2,SK2,1,1,35.0,50000.0
ISR2,TAD1,1,1,29.0,300000.0
ISR2,VIE1,1,1,32.0,325000.0
IT1,CSL,1,1,23.0,800000.0
IT1,DK1,1,1,19.0,100000.0
IT1,ES2,1,1,25.0,700000.0
GB1,ES2,1,1,28.0,3200000.0
IT1,THA1,1,1,21.0,100000.0
IT2,A1,1,1,24.0,500000.0
IT2,AZ1,1,1,26.0,300000.0
IT2,C2,1,1,26.0,700000.0
IT2,FI1,1,1,23.0,150000.0
IT1,GB1,1,1,30.0,8500000.0
IT1,GB2,1,1,24.0,700000.0
IT1,GR1,1,1,22.0,500000.0
GB2,AUS1,1,1,35.0,350000.0
GB2,BRA1,1,1,25.0,500000.0
GB2,BU1,1,1,23.0,200000.0
GB2,C1,1,1,24.0,475000.0
GB2,E21P,1,1,21.0,750000.0
GB1,RO2,1,1,22.0,100000.0
GB1,RU1,1,1,22.0,1250000.0
GB1,TR1,1,1,23.0,4000000.0
IT3B,RO2,1,1,25.0,125000.0
IT3C,IJ2A,1,1,19.0,25000.0
IT3C,IT3A,1,1,22.0,175000.0
IT2,TUN1,1,1,22.0,100000.0
IT2,URUC,1,1,20.0,100000.0
IT2,,1,1,32.0,500000.0
IT3A,C3CM,1,1,21.0,25000.0
FR2,SA1,1,1,29.0,1000000.0
IT4A,IT4A,1,1,19.0,150000.0
IT4A,IT4D,1,1,19.0,150000.0
IT4B,NO31,1,1,21.0,25000.0
IT4B,,1,1,21.0,0.0
IT4D,IT4E,1,1,21.0,50000.0
IT4E,CN2B,1,1,23.0,25000.0
IT3B,IT3B,1,1,25.0,300000.0
IT3B,RO1,1,1,24.0,200000.0
GB2,FI1,1,1,26.0,250000.0
IT4E,IT1,1,1,20.0,75000.0
IT4E,IT3A,1,1,20.0,0.0
IT4E,IT4A,1,1,20.0,50000.0
ITJ1,IT2,1,1,18.0,50000.0
ITJ2,,1,1,18.0,25000.0
ITJ3,IT1,1,1,17.0,700000.0
IT4A,IJ1,1,1,18.0,75000.0
JAP1,CSL,1,1,29.0,1500000.0
ITJ4,IJ1,1,1,17.0,0.0
ITJ4,ITJ2,1,1,17.0,0.0
ITJ4,ITJ7,1,1,16.0,0.0
ITJ9,IT4A,1,1,17.0,0.0
J18E,AJ3,1,1,18.0,0.0
J18E,TOHL,1,1,18.0,0.0
J18W,LLM2,1,1,20.0,0.0
JAP1,MYS1,1,1,30.0,400000.0
JAP1,RSK1,1,1,32.0,900000.0
JAP1,RSK2,1,1,22.0,350000.0
J18W,,1,1,18.0,0.0
J1YV,THA1,1,1,31.0,700000.0
J2J3,IN1L,1,1,24.0,600000.0
J2J3,J1YV,1,1,25.0,300000.0
J6TS,SIN1,1,1,20.0,0.0
GB1,EFD2,1,1,19.0,0.0
JAP1,UKR1,1,1,29.0,800000.0
JAP1,,1,1,26.0,400000.0
JAP2,AUS1,1,1,28.0,600000.0
JAP2,IND1,1,1,29.0,800000.0
JAP2,ISR1,1,1,25.0,300000.0
JAP1,J2J3,1,1,29.0,0.0
JAP1,MO1N,1,1,24.0,275000.0
GB18,GB18,1,1,17.0,0.0
GB1,ES3D,1,1,21.0,100000.0
GB1,GB4,1,1,19.0,500000.0
GB1,MLS1,1,1,26.0,10000000.0
FR3,ZYP1,1,1,22.0,300000.0
GB1,AUS1,1,1,25.0,250000.0
GB1,CNAT,1,1,19.0,750000.0
GB1,DK1,1,1,20.0,0.0
JAP2,,1,1,20.0,100000.0
JAP3,A2SW,1,1,26.0,125000.0
JAP3,J2J3,1,1,28.0,150000.0
JAP3,JAP3,1,1,26.0,200000.0
KO1,THA1,1,1,24.0,200000.0
KR1,BOS1,1,1,29.0,450000.0
KR1,BU1,1,1,26.0,250000.0
KR1,DK1,1,1,27.0,1500000.0
JAP3,,1,1,23.0,125000.0
JFL,CLPD,1,1,19.0,0.0
JFL,,1,1,31.0,0.0
JGD2,A1,1,1,18.0,75000.0
JGD2,A4S,1,1,17.0,0.0
JGD2,ATRO,1,1,17.0,0.0
JAP2,MAL1,1,1,29.0,250000.0
JAP2,RSK1,1,1,24.0,300000.0
JPKA,HGKG,1,1,26.0,0.0
JPL1,,1,1,19.0,0.0
JUNO,IJ1,1,1,17.0,0.0
JUNO,S21N,1,1,18.0,0.0
JUNO,SE2,1,1,18.0,0.0
JUNO,SE3N,1,1,16.0,0.0
JAP3,JFL,1,1,23.0,0.0
JAP3,VIE1,1,1,27.0,0.0
JUSÖ,JUSÖ,1,1,17.0,0.0
JUSÖ,SE1,1,1,18.0,75000.0
JUSÖ,,1,1,18.0,50000.0
K3L,RSK1,1,1,22.0,125000.0
K4L,RSK2,1,1,29.0,250000.0
KAS1,AZ1,1,1,25.0,350000.0
KAS1,CLO,1,1,27.0,1000000.0
JO1L,THA1,1,1,31.0,0.0
FR3,RO1,1,1,27.0,400000.0
FR3,TR1,1,1,24.0,600000.0
FR3,TUN1,1,1,30.0,800000.0
FR3,C3IF,1,1,20.0,0.0
FR3,CN2A,1,1,21.0,400000.0
FR3,CN2C,1,1,23.0,150000.0
FR3,CN2D,1,1,20.0,50000.0
FR3,GB2,1,1,20.0,300000.0
KAS1,ISR1,1,1,30.0,600000.0
KAS1,LET1,1,1,25.0,250000.0
KAS1,ZYP1,1,1,26.0,400000.0
FR1,ES2,1,1,30.0,1500000.0
FR3,GR2,1,1,23.0,250000.0
FR3,GRS2,1,1,24.0,400000.0
FR3,L1,1,1,18.0,100000.0
FR3,NL1,1,1,22.0,700000.0
KO1,LPL,1,1,28.0,300000.0
KO1,SIN1,1,1,26.0,200000.0
KAS2,KAS1,1,1,16.0,0.0
KG1L,IND1,1,1,31.0,300000.0
KG1L,MYS1,1,1,24.0,75000.0
KG1L,TAD1,1,1,31.0,250000.0
KG1L,UZ1,1,1,32.0,250000.0
KHM1,IN1L,1,1,29.0,0.0
KR1,ES1,1,1,22.0,100000.0
KR1,IN1L,1,1,32.0,450000.0
KR1,ISR1,1,1,28.0,350000.0
KHM1,MNE1,1,1,28.0,200000.0
KHM1,MYS1,1,1,27.0,125000.0
KHM1,THA1,1,1,26.0,125000.0
KHM1,THA2,1,1,35.0,150000.0
KO1,IN1L,1,1,28.0,325000.0
KTOS,,1,1,23.0,50000.0
L1,FR3,1,1,18.0,100000.0
KR1,KAS1,1,1,26.0,700000.0
KR1,MYS1,1,1,28.0,1000000.0
KR1,RSK1,1,1,24.0,600000.0
KR1,UKR1,1,1,24.0,100000.0
LET1,RU2,1,1,22.0,250000.0
LET1,TS1,1,1,22.0,400000.0
L2,DK1,1,1,27.0,450000.0
L2,GR1,1,1,23.0,1000000.0
L1,IRN1,1,1,28.0,2000000.0
L1,NL1,1,1,22.0,200000.0
L1,RLB3,1,1,20.0,250000.0
L1,RU1,1,1,31.0,2500000.0
KR1,WER1,1,1,23.0,150000.0
KR2,IT3C,1,1,25.0,300000.0
FR2,MOP2,1,1,28.0,700000.0
FR2,NL2,1,1,21.0,0.0
FR2,PO2,1,1,21.0,150000.0
FR2,RO1,1,1,27.0,350000.0
KAS2,GE1N,1,1,29.0,300000.0
L1,UAE1,1,1,29.0,2500000.0
L2,BE1,1,1,24.0,600000.0
L2,C1,1,1,21.0,400000.0
FR2,THA1,1,1,35.0,150000.0
FR2,TR1,1,1,25.0,1800000.0
FR2,TR2,1,1,29.0,1250000.0
FR3,BE2,1,1,23.0,300000.0
FR3,C2,1,1,25.0,500000.0
FR3,C3BF,1,1,22.0,0.0
FR2,IT3B,1,1,24.0,300000.0
FR2,MO1N,1,1,26.0,400000.0
FR2,ES3E,1,1,23.0,300000.0
FR1,IT1,1,1,28.0,6000000.0
FR1,IT2,1,1,23.0,1600000.0
FR1,NL1,1,1,22.0,350000.0
FR1,SC1,1,1,21.0,350000.0
FR1,TR1,1,1,28.0,700000.0
FR1,GR2,1,1,22.0,200000.0
FR1,ISR1,1,1,25.0,2000000.0
L2,RU1,1,1,21.0,150000.0
L2,ZYP1,1,1,28.0,500000.0
L3,JAP3,1,1,27.0,150000.0
F4KP,,1,1,40.0,0.0
FR2,BE1,1,1,25.0,250000.0
FR2,BE2,1,1,25.0,400000.0
FR2,BU1,1,1,23.0,150000.0
FR2,CLO,1,1,31.0,500000.0
LET1,GE1N,1,1,26.0,125000.0
L3,LUX1,1,1,28.0,150000.0
L3,NL1,1,1,22.0,350000.0
L3,RLSW,1,1,30.0,150000.0
L3,RSK1,1,1,24.0,175000.0
L3,USL,1,1,26.0,225000.0
L2,RLN4,1,1,19.0,100000.0
L2,RSK1,1,1,28.0,450000.0
LET2,LET1,1,1,20.0,0.0
LET2,,1,1,20.0,100000.0
LI1,AZ1,1,1,25.0,350000.0
LAO1,LAO1,1,1,18.0,75000.0
LAO1,VIE1,1,1,20.0,100000.0
LAO1,,1,1,21.0,50000.0
LBSO,RLB3,1,1,21.0,0.0
LET1,BRA1,1,1,21.0,250000.0
LI1,BU1,1,1,25.0,350000.0
LI1,CLO,1,1,24.0,150000.0
LI1,CSL,1,1,20.0,0.0
LI1,EST1,1,1,28.0,375000.0
LI1,ISR1,1,1,29.0,200000.0
LI1,LTU2,1,1,31.0,0.0
MAL2,ALB2,1,1,33.0,50000.0
MAL2,CHPR,1,1,20.0,100000.0
LLSA,LLM1,1,1,21.0,0.0
LI1,MAL1,1,1,29.0,225000.0
LI1,PL2,1,1,33.0,100000.0
LI1,RO2B,1,1,26.0,375000.0
LI1,RSK2,1,1,27.0,200000.0
LI1,SER1,1,1,26.0,125000.0
LI1,SL1,1,1,23.0,325000.0
LI1,VIE1,1,1,25.0,300000.0
LUX1,BE2,1,1,26.0,225000.0
LUX1,GI1,1,1,29.0,50000.0
LUX1,LUX1,1,1,23.0,100000.0
LIB1,MYS1,1,1,29.0,150000.0
LIB1,PFL1,1,1,23.0,10000.0
LLHM,OBLL,1,1,21.0,0.0
LLM1,,1,1,21.0,0.0
LLM2,RLW3,1,1,20.0,0.0
FJE,FI1,1,1,18.0,0.0
FJE,FI3B,1,1,17.0,0.0
FR1,C1,1,1,22.0,1500000.0
FR1,C3AR,1,1,23.0,0.0
FR1,CN2A,1,1,21.0,300000.0
LTU2,LET1,1,1,22.0,0.0
LTU2,LI1,1,1,28.0,125000.0
LTU2,USL,1,1,20.0,0.0
MEX2,PR1C,1,1,30.0,300000.0
MEX2,VZ1C,1,1,24.0,400000.0
MEX2,,1,1,22.0,300000.0
MEXA,AUS1,1,1,27.0,1500000.0
MEXA,CDN1,1,1,21.0,350000.0
MEXA,ES1,1,1,31.0,1200000.0
MAZ1,MNE1,1,1,28.0,150000.0
MAZ1,SER1,1,1,19.0,75000.0
MAL1,LET1,1,1,25.0,250000.0
LUX1,MYS1,1,1,29.0,250000.0
LUX1,THA2,1,1,25.0,125000.0
LUX1,,1,1,26.0,75000.0
M20C,MEXA,1,1,18.0,0.0
M21C,MEXA,1,1,20.0,500000.0
MAL1,A2VI,1,1,21.0,0.0
MAL1,BGD1,1,1,27.0,250000.0
MAL1,SL1,1,1,21.0,50000.0
MAL1,GHPL,1,1,28.0,150000.0
MAL1,HOC1,1,1,29.0,250000.0
MAL1,IN1L,1,1,25.0,100000.0
MAL1,IND1,1,1,25.0,250000.0
MAL1,IT4A,1,1,19.0,100000.0
MAL1,JFL,1,1,30.0,250000.0
MAL1,L3,1,1,22.0,300000.0
MAL2,GHPL,1,1,29.0,100000.0
MAL2,GZO1,1,1,24.0,0.0
MAL2,MNE1,1,1,23.0,0.0
MAL2,MT1P,1,1,29.0,200000.0
MAL1,MAZ1,1,1,23.0,10000.0
MAL1,MNE2,1,1,23.0,25000.0
MAL1,PL1,1,1,23.0,300000.0
MAL1,RN,1,1,21.0,200000.0
FI1,NO1,1,1,28.0,100000.0
FI1,RSK2,1,1,30.0,350000.0
FI1,UZ2L,1,1,26.0,150000.0
FI1,VIE1,1,1,25.0,325000.0
FARO,NO2,1,1,26.0,250000.0
FARO,NO32,1,1,24.0,50000.0
FARO,,1,1,25.0,300000.0
FI1,AUS1,1,1,25.0,200000.0
FI2,,1,1,35.0,50000.0
FI3B,KHM1,1,1,23.0,50000.0
FI3B,NNL1,1,1,21.0,150000.0
FI3B,NSL1,1,1,23.0,0.0
FI1,IT2,1,1,22.0,200000.0
FI1,KAS1,1,1,23.0,450000.0
FI1,L2,1,1,22.0,500000.0
FI1,MAL1,1,1,20.0,25000.0
MAL3,MAL2,1,1,31.0,0.0
MAL3,MAL3,1,1,30.0,0.0
MAL3,,1,1,29.0,0.0
MAR1,BU1,1,1,26.0,375000.0
MAR1,CLO,1,1,30.0,450000.0
FI1,,1,1,26.0,250000.0
FI2,FI2,1,1,21.0,0.0
FI2,MAL1,1,1,26.0,300000.0
MEX2,CL2B,1,1,28.0,300000.0
MEX2,HGKG,1,1,33.0,400000.0
MEX2,KO1,1,1,26.0,300000.0
MAR1,NO1,1,1,25.0,300000.0
MAR1,SA1,1,1,27.0,500000.0
MAR1,UAE1,1,1,24.0,0.0
MAZ1,KAS1,1,1,32.0,300000.0
MAZ1,MAL1,1,1,22.0,100000.0
MLS1,GB1,1,1,27.0,5000000.0
MEXA,GR1,1,1,32.0,500000.0
MEXA,M23C,1,1,19.0,500000.0
MEXA,MLS1,1,1,28.0,800000.0
MEXA,MYS1,1,1,27.0,1000000.0
MEXA,THA1,1,1,27.0,0.0
MEXA,USL,1,1,22.0,1200000.0
MO1N,FR2,1,1,21.0,550000.0
MLS1,MEXA,1,1,27.0,1000000.0
MLS1,NL1,1,1,31.0,300000.0
MLS1,NO1,1,1,24.0,900000.0
MLS1,PDV1,1,1,23.0,300000.0
MLS1,BU1,1,1,27.0,600000.0
MLS1,CDN1,1,1,20.0,150000.0
MLS1,COL1,1,1,25.0,1500000.0
MLS1,DK2,1,1,20.0,175000.0
MAR1,MAL1,1,1,23.0,50000.0
MLS1,UNG1,1,1,23.0,1500000.0
MLS1,ZYP1,1,1,20.0,250000.0
MNE1,CSL,1,1,26.0,600000.0
MNE1,DK2,1,1,22.0,250000.0
MNE1,HGKG,1,1,29.0,200000.0
MLS1,GR1,1,1,30.0,500000.0
MLS1,M20C,1,1,18.0,0.0
FI1,FI2,1,1,22.0,50000.0
FI1,IS2,1,1,20.0,25000.0
FI1,IT1,1,1,21.0,100000.0
EST2,CDN1,1,1,20.0,50000.0
EST3,EST2,1,1,16.0,0.0
F19A,C3PL,1,1,18.0,0.0
F19A,FR1,1,1,19.0,0.0
F19B,,1,1,18.0,0.0
MT1P,SER1,1,1,28.0,250000.0
MT1P,TDeC,1,1,26.0,300000.0
MT1P,GRS2,1,1,26.0,200000.0
MT1P,IN1L,1,1,30.0,250000.0
MT1P,IT4G,1,1,26.0,350000.0
MT1P,KO1,1,1,27.0,300000.0
MT1P,LI1,1,1,29.0,150000.0
MT1P,LUX1,1,1,29.0,100000.0
MNE1,KO1,1,1,26.0,200000.0
MNE1,LAO1,1,1,24.0,75000.0
MNE1,MT1P,1,1,31.0,150000.0
MNE1,RSK1,1,1,24.0,250000.0
MT1P,MAZ1,1,1,26.0,200000.0
MT1P,MNE1,1,1,21.0,10000.0
MT1P,NIR1,1,1,27.0,150000.0
MT1P,RSK2,1,1,30.0,100000.0
MNE1,SER1,1,1,22.0,200000.0
MNE1,SER2,1,1,27.0,150000.0
MNE1,SFA1,1,1,24.0,125000.0
MNE1,USL,1,1,27.0,125000.0
MNE1,UZ2L,1,1,31.0,175000.0
MNE2,MAL1,1,1,24.0,25000.0
MNE1,IN1L,1,1,28.0,600000.0
MNE1,KAS1,1,1,24.0,100000.0
MO1N,GRS2,1,1,22.0,150000.0
MO1N,PL1,1,1,24.0,250000.0
MO1N,UNG1,1,1,26.0,400000.0
MNE2,RSK2,1,1,19.0,0.0
MNE2,,1,1,21.0,25000.0
MNP3,MEXA,1,1,18.0,0.0
MNP3,MNP3,1,1,23.0,0.0
MNP3,SC2,1,1,20.0,250000.0
ES3D,ES3B,1,1,27.0,300000.0
ES3D,ES3D,1,1,22.0,50000.0
ES3D,GB1,1,1,22.0,100000.0
ES3D,GB21,1,1,21.0,100000.0
ES3C,ES3B,1,1,23.0,250000.0
ES3C,GB21,1,1,22.0,100000.0
ES3C,PO2,1,1,17.0,0.0
ES3C,SE1,1,1,21.0,0.0
ES3E,CPSC,1,1,23.0,50000.0
ES3E,FR3,1,1,23.0,200000.0
EST1,CDN1,1,1,21.0,75000.0
EST1,DK2,1,1,20.0,100000.0
EST1,EST1,1,1,19.0,25000.0
EST1,MAL1,1,1,28.0,225000.0
ES3D,BU1,1,1,24.0,0.0
ES3D,ES1,1,1,22.0,0.0
MOL1,RO1,1,1,21.0,0.0
MOL1,WER1,1,1,21.0,100000.0
MOP2,CLO,1,1,29.0,350000.0
MOP2,JAP1,1,1,24.0,350000.0
MOP2,KAS1,1,1,32.0,200000.0
MOP2,RO1,1,1,31.0,300000.0
MOP2,RU1,1,1,27.0,1000000.0
ES2,AUS1,1,1,30.0,400000.0
MT1N,MT1N,1,1,30.0,300000.0
MT1N,,1,1,34.0,200000.0
MT1P,ARM1,1,1,24.0,200000.0
MT1P,BU1,1,1,26.0,250000.0
MT1P,BU2,1,1,29.0,300000.0
MT1P,CDN1,1,1,29.0,200000.0
MT1P,CLO,1,1,31.0,300000.0
MT1P,FR2,1,1,34.0,150000.0
MYS1,BOS1,1,1,26.0,50000.0
NL1,UNG1,1,1,26.0,650000.0
NL1,USL,1,1,24.0,700000.0
NL2,511,1,1,20.0,50000.0
NL2,BU1,1,1,23.0,150000.0
NL2,FR2,1,1,21.0,125000.0
NL2,GB3,1,1,23.0,400000.0
NL1,NLBE,1,1,18.0,150000.0
MYS1,ILI2,1,1,23.0,50000.0
MYS1,IND1,1,1,29.0,350000.0
MYS1,MEXA,1,1,26.0,500000.0
MT3P,MT1N,1,1,23.0,0.0
MYA1,MYS1,1,1,26.0,125000.0
MYA1,TFPL,1,1,27.0,150000.0
MYS1,AUS1,1,1,29.0,350000.0
MYS1,BGD1,1,1,27.0,50000.0
MYS1,RSK1,1,1,25.0,75000.0
MYS1,THA2,1,1,29.0,100000.0
NC1A,LET1,1,1,19.0,0.0
NC1A,,1,1,17.0,0.0
NCL1,AUS1,1,1,20.0,250000.0
MYS1,CL2B,1,1,31.0,200000.0
MYS1,CLO,1,1,26.0,275000.0
MYS1,CLPD,1,1,26.0,150000.0
ES3C,ES1,1,1,23.0,1000000.0
NCL1,MAL2,1,1,18.0,0.0
NCL1,NCL1,1,1,17.0,25000.0
NCL1,OBLN,1,1,20.0,175000.0
NIR1,AZ1,1,1,28.0,100000.0
NIR1,CNAT,1,1,30.0,25000.0
NIS3,F4LA,1,1,22.0,0.0
MYS1,PFL1,1,1,23.0,100000.0
ES2,MLS1,1,1,25.0,2500000.0
ES2,PO1,1,1,32.0,800000.0
ES2,RU1,1,1,25.0,1500000.0
ES2,TR1,1,1,30.0,1500000.0
ES2,URUC,1,1,25.0,500000.0
ES2,E3G2,1,1,26.0,400000.0
ES2,ES3A,1,1,22.0,0.0
ES2,ES3B,1,1,23.0,100000.0
NL1,DK1,1,1,20.0,600000.0
NL1,DK2,1,1,23.0,500000.0
EC2L,EC1N,1,1,23.0,300000.0
ES3A,ES2,1,1,26.0,1000000.0
ES3A,ES3B,1,1,21.0,0.0
ES3A,ES3D,1,1,27.0,400000.0
ES3A,THA1,1,1,23.0,0.0
ES2,IT2,1,1,27.0,350000.0
NL1,IT2,1,1,23.0,1000000.0
NL1,JAP2,1,1,30.0,800000.0
NL1,L2,1,1,21.0,600000.0
NL1,MLS1,1,1,25.0,1250000.0
NIS3,USC3,1,1,25.0,0.0
NISR,,1,1,29.0,75000.0
NL1,BE1,1,1,31.0,2000000.0
NL1,BU1,1,1,23.0,600000.0
NL1,NO1,1,1,27.0,2000000.0
NL1,QSL,1,1,26.0,1400000.0
NL1,QU2L,1,1,28.0,0.0
NL1,RSK1,1,1,28.0,1500000.0
NL1,SA1,1,1,28.0,700000.0
NL1,UKR1,1,1,24.0,400000.0
NL1,GB1,1,1,24.0,8500000.0
NL1,GB21,1,1,18.0,400000.0
NL2,LI1,1,1,26.0,275000.0
NL2,NTD,1,1,22.0,175000.0
NL2,PT3A,1,1,22.0,100000.0
NO1,NO32,1,1,20.0,50000.0
NO1,PL2,1,1,27.0,500000.0
NO1,SE2,1,1,28.0,250000.0
NO1,THA1,1,1,22.0,150000.0
NO1,TR2,1,1,23.0,400000.0
NL2,SC1,1,1,28.0,550000.0
NL2,SE1,1,1,25.0,500000.0
NL2,THA1,1,1,30.0,350000.0
NL2,TR1,1,1,22.0,350000.0
NL2,ZYP1,1,1,24.0,200000.0
NL2,GR1,1,1,22.0,200000.0
NL2,IN1L,1,1,30.0,1000000.0
NL2,IND1,1,1,30.0,500000.0
NLBV,NL1,1,1,19.0,150000.0
NLEV,511,1,1,19.0,0.0
NLN6,CNAT,1,1,22.0,0.0
NLAE,NL2,1,1,19.0,25000.0
NLAE,NLBB,1,1,18.0,0.0
NLAJ,NL2,1,1,19.0,25000.0
NL2,RO1,1,1,26.0,450000.0
NL2,RSK1,1,1,31.0,450000.0
ES1,NL1,1,1,26.0,1500000.0
ES1,PO1,1,1,25.0,3000000.0
ES1,QSL,1,1,28.0,3000000.0
ES1,SC1,1,1,27.0,5000000.0
ES1,ZYP1,1,1,30.0,700000.0
NL1,ES1,1,1,23.0,350000.0
NLBB,510,1,1,19.0,0.0
NLBB,NL2,1,1,21.0,75000.0
ES1,CSL,1,1,30.0,2000000.0
ES1,ES3A,1,1,22.0,100000.0
EC2L,,1,1,20.0,50000.0
EFD2,GB1,1,1,19.0,0.0
EGY1,ALG1,1,1,24.0,150000.0
EGY1,BU1,1,1,24.0,400000.0
EGY1,MOL1,1,1,20.0,250000.0
EGY1,TR2,1,1,25.0,350000.0
DK4L,PFL1,1,1,22.0,0.0
ES1,FR1,1,1,29.0,800000.0
ES1,GB21,1,1,21.0,1500000.0
ES1,KR1,1,1,21.0,250000.0
ES1,MYS1,1,1,31.0,550000.0
EL1A,AR1N,1,1,24.0,300000.0
ENSD,,1,1,20.0,0.0
ES1,C1,1,1,27.0,700000.0
NNL1,AUS1,1,1,23.0,300000.0
NNL1,HGKG,1,1,21.0,125000.0
NNL1,MAL2,1,1,28.0,200000.0
NNL1,,1,1,34.0,25000.0
NO1,CSL,1,1,23.0,800000.0
NLN6,GR2,1,1,24.0,0.0
NLN6,NLS6,1,1,30.0,0.0
NLS6,CNAT,1,1,24.0,50000.0
NO1,UKR1,1,1,26.0,250000.0
NO1,DK1,1,1,25.0,600000.0
NO1,GR2,1,1,22.0,0.0
NO1,JAP1,1,1,27.0,2000000.0
NO1,KAS1,1,1,29.0,300000.0
NO1,MEXA,1,1,21.0,300000.0
NO1,NL1,1,1,28.0,1500000.0
NLVB,NLAJ,1,1,17.0,0.0
NO31,PFL1,1,1,25.0,0.0
NO31,USL,1,1,28.0,0.0
NO32,FARO,1,1,24.0,50000.0
NO1,UNG1,1,1,25.0,800000.0
NO2,CDN1,1,1,29.0,150000.0
NO2,FI1,1,1,25.0,400000.0
NO2,QSL,1,1,25.0,100000.0
OLRP,THA2,1,1,28.0,75000.0
NO32,RSK2,1,1,30.0,175000.0
NO32,,1,1,23.0,25000.0
NO41,NO2,1,1,21.0,50000.0
NO41,NO31,1,1,19.0,0.0
NO41,NO44,1,1,21.0,0.0
NO42,NO32,1,1,20.0,0.0
NO31,DKDA,1,1,20.0,50000.0
NO31,NO31,1,1,23.0,0.0
NO44,NO32,1,1,22.0,0.0
NO44,NO41,1,1,21.0,0.0
NPFL,NPFL,1,1,19.0,0.0
NPFL,PO2,1,1,20.0,0.0
NSL1,HGKG,1,1,24.0,100000.0
NTD,211F,1,1,21.0,0.0
NO32,NO1,1,1,21.0,50000.0
NO32,NO2,1,1,23.0,25000.0
EGY1,TUN1,1,1,25.0,150000.0
E4G4,MAL1,1,1,27.0,100000.0
E4G4,RO1,1,1,24.0,50000.0
E4G4,SE2,1,1,21.0,25000.0
E4G5,,1,1,31.0,200000.0
EC1N,AR1N,1,1,22.0,800000.0
EC1N,CDN1,1,1,24.0,350000.0
NO42,NO43,1,1,18.0,0.0
NZL1,AUS1,1,1,26.0,400000.0
NZL1,NCL1,1,1,19.0,100000.0
OBLB,,1,1,23.0,0.0
PL1,MAL1,1,1,22.0,400000.0
PL1,NL2,1,1,29.0,600000.0
PL1,NO1,1,1,26.0,250000.0
PL1,PL2,1,1,21.0,100000.0
PL1,PL2L,1,1,18.0,100000.0
OBLC,VLHS,1,1,30.0,0.0
OBLC,,1,1,36.0,0.0
OBLF,MNE1,1,1,23.0,0.0
OBLL,LLHM,1,1,21.0,0.0
OBLN,NNL1,1,1,20.0,0.0
OL5,OL7,1,1,20.0,0.0
NTD,510,1,1,23.0,0.0
NTD,GRS2,1,1,23.0,0.0
OL7,VLHM,1,1,20.0,0.0
OLB1,RLSW,1,1,20.0,0.0
OLB2,OLB2,1,1,22.0,50000.0
OLB2,RLW3,1,1,24.0,0.0
OLMR,RLB3,1,1,26.0,50000.0
OLMR,,1,1,23.0,0.0
OLRP,PFL1,1,1,28.0,0.0
OBLC,OBLE,1,1,24.0,0.0
OLRP,,1,1,27.0,0.0
OLW3,L3,1,1,22.0,0.0
OM1L,OM1L,1,1,33.0,200000.0
OM1L,THA1,1,1,27.0,375000.0
OM1L,,1,1,33.0,200000.0
P232,,1,1,19.0,0.0
PDV1,MLS1,1,1,24.0,275000.0
OL7,OL5,1,1,19.0,0.0
PO1,RSK1,1,1,27.0,1000000.0
PO1,SA2L,1,1,29.0,800000.0
PO1,SC1,1,1,21.0,1000000.0
PO1,BRA2,1,1,26.0,900000.0
PO1,CPSC,1,1,21.0,50000.0
PO1,GR1,1,1,22.0,1000000.0
PO1,GRS2,1,1,22.0,200000.0
PO1,IN1L,1,1,24.0,125000.0
PER2,CLO,1,1,31.0,350000.0
PFL1,A2VI,1,1,23.0,125000.0
PFL1,ARM2,1,1,23.0,50000.0
PFL1,ILI2,1,1,26.0,50000.0
PFL1,LI1,1,1,29.0,75000.0
PFL1,MT1P,1,1,28.0,200000.0
PO1,IND1,1,1,32.0,300000.0
PO1,IT1,1,1,23.0,3000000.0
PL1,IS1,1,1,24.0,200000.0
PFL1,MYA1,1,1,26.0,50000.0
PFL1,MYS1,1,1,24.0,75000.0
PFL1,TAD1,1,1,21.0,75000.0
PFL1,THA1,1,1,25.0,150000.0
PFL1,TLE1,1,1,22.0,50000.0
PFL1,TR3A,1,1,25.0,125000.0
PEDP,,1,1,24.0,250000.0
PL1,PO2,1,1,26.0,300000.0
PL1,TS1,1,1,27.0,600000.0
PHI1,,1,1,18.0,0.0
PL1,A1,1,1,25.0,300000.0
PL1,BE1,1,1,28.0,700000.0
PL1,CLO,1,1,27.0,350000.0
PL1,ES1,1,1,26.0,900000.0
PL1,GEO1,1,1,19.0,50000.0
PO2,SER1,1,1,27.0,150000.0
PO2,SL1,1,1,26.0,0.0
PO2,UKR1,1,1,21.0,250000.0
PO2,USL,1,1,18.0,0.0
PO2,BU1,1,1,23.0,0.0
PO2,CPSC,1,1,24.0,150000.0
PO2,EGY1,1,1,23.0,100000.0
PO2,ISR1,1,1,26.0,300000.0
PR1C,COL1,1,1,27.0,1000000.0
PR1C,IN1L,1,1,31.0,150000.0
PR1C,MEX2,1,1,29.0,350000.0
PR1C,RSK2,1,1,25.0,350000.0
PR1C,URUC,1,1,24.0,325000.0
PO2,PT23,1,1,23.0,250000.0
PO2,RSK1,1,1,25.0,700000.0
PO2,RU1,1,1,19.0,50000.0
PL1,ZYP1,1,1,25.0,400000.0
PL2,ISR2,1,1,34.0,50000.0
PL2,LI1,1,1,28.0,100000.0
PL2,PL1,1,1,22.0,350000.0
PL2,PL2,1,1,20.0,125000.0
PL2,ZYP1,1,1,24.0,300000.0
PL2,,1,1,36.0,50000.0
PO2,VIE1,1,1,29.0,750000.0
PL2L,FI1,1,1,28.0,50000.0
PL2L,PL33,1,1,21.0,0.0
PL2L,VIE1,1,1,21.0,0.0
PL33,PL2L,1,1,21.0,0.0
PL33,,1,1,23.0,0.0
PL34,,1,1,26.0,0.0
PO1,AR1N,1,1,21.0,3500000.0
PO1,ARM1,1,1,23.0,50000.0
DKDL,,1,1,19.0,0.0
E21P,GB2,1,1,20.0,250000.0
DK3O,DK4L,1,1,22.0,0.0
DK3V,CZ3C,1,1,20.0,0.0
DK3V,DKDA,1,1,27.0,0.0
DK3V,MLS1,1,1,19.0,75000.0
DK4L,DK3O,1,1,21.0,0.0
DK4L,DK4L,1,1,32.0,50000.0
E3G2,E3G1,1,1,37.0,100000.0
E3G2,E4G2,1,1,26.0,250000.0
E3G2,ES2,1,1,27.0,300000.0
DKDA,DKDA,1,1,20.0,50000.0
DKDA,,1,1,22.0,0.0
DKDL,DK2,1,1,19.0,0.0
DKDL,DK3O,1,1,19.0,0.0
DKDL,EST1,1,1,19.0,25000.0
E4G2,AND1,1,1,28.0,150000.0
E4G2,E4G3,1,1,26.0,200000.0
E4G3,E3G1,1,1,27.0,150000.0
E4G3,JAP3,1,1,27.0,100000.0
E3G1,ES2,1,1,26.0,600000.0
E3G1,IN1L,1,1,30.0,250000.0
E3G1,INIL,1,1,30.0,300000.0
E3G1,VZ1C,1,1,38.0,100000.0
PO1,UAE1,1,1,29.0,1000000.0
PO1,VIE1,1,1,31.0,300000.0
PO2,3PTP,1,1,26.0,175000.0
PO2,ALB1,1,1,21.0,125000.0
E3G2,,1,1,28.0,500000.0
E4G1,BU1,1,1,21.0,0.0
E4G1,E4G5,1,1,25.0,250000.0
E4G1,,1,1,23.0,50000.0
PT23,PO1,1,1,23.0,100000.0
PT23,PO2,1,1,22.0,0.0
PT3A,3PTP,1,1,25.0,125000.0
PT3A,AZ1,1,1,27.0,0.0
PT3A,IN1L,1,1,27.0,0.0
PT3A,LUX1,1,1,25.0,0.0
RO1,MOL1,1,1,21.0,100000.0
RO1,MOP2,1,1,31.0,300000.0
QU2L,,1,1,29.0,0.0
PT3A,MAL2,1,1,25.0,0.0
PT3A,PO2,1,1,23.0,0.0
PT3A,THA1,1,1,30.0,0.0
QSL,ES1,1,1,29.0,3000000.0
QSL,FR2,1,1,33.0,300000.0
QSL,IND1,1,1,30.0,325000.0
PR1C,,1,1,21.0,100000.0
RLN3,CDN1,1,1,23.0,50000.0
QSL,IRN1,1,1,28.0,350000.0
QSL,QSL,1,1,26.0,275000.0
QSL,SER1,1,1,27.0,275000.0
QSL,,1,1,33.0,600000.0
QU2L,CDN1,1,1,29.0,200000.0
QU2L,NL1,1,1,27.0,1100000.0
QU2L,THA1,1,1,33.0,200000.0
PO2,ARM1,1,1,28.0,225000.0
R3D2,USL,1,1,18.0,0.0
R3D2,WER1,1,1,23.0,150000.0
RJL2,2DVB,1,1,17.0,0.0
RKNL,,1,1,27.0,125000.0
RLB3,L2,1,1,21.0,250000.0
RLB3,MAZ1,1,1,27.0,25000.0
RLB3,OLB2,1,1,24.0,0.0
RSK1,MLS1,1,1,29.0,900000.0
RSK1,MNE1,1,1,24.0,300000.0
RSK1,MYS1,1,1,23.0,50000.0
RSK1,PO1,1,1,27.0,1000000.0
RO2B,RO1,1,1,32.0,250000.0
RPLS,RPLS,1,1,20.0,0.0
RPLS,SER1,1,1,20.0,0.0
RPLW,KAS1,1,1,27.0,275000.0
RLN3,IND1,1,1,26.0,150000.0
RLN4,DK1,1,1,25.0,325000.0
RLN4,RLSW,1,1,19.0,25000.0
RLSW,A2,1,1,21.0,50000.0
RLSW,E4G4,1,1,26.0,75000.0
RLSW,L3,1,1,22.0,125000.0
RSK1,GE1N,1,1,32.0,350000.0
RSK1,K3L,1,1,21.0,50000.0
RO1,IT2,1,1,23.0,150000.0
RO1,MAL1,1,1,29.0,125000.0
RLSW,OBLC,1,1,29.0,0.0
RLSW,,1,1,21.0,100000.0
RLW3,KTOS,1,1,22.0,50000.0
RLW3,OBLC,1,1,25.0,0.0
RLW3,RLW3,1,1,21.0,75000.0
RN,MAL1,1,1,22.0,300000.0
RO1,PL1,1,1,22.0,450000.0
RO1,PL2,1,1,27.0,50000.0
RO1,QU2L,1,1,32.0,250000.0
RO1,RSK1,1,1,29.0,700000.0
RO1,CLO,1,1,28.0,1800000.0
RO1,DK1,1,1,29.0,650000.0
RO1,FR1,1,1,21.0,150000.0
RO1,ISR1,1,1,30.0,400000.0
DK2,IND1,1,1,30.0,400000.0
DK2,MLS1,1,1,20.0,200000.0
DK2,NL1,1,1,25.0,150000.0
DK1,ISR2,1,1,28.0,400000.0
DK1,IT1,1,1,19.0,150000.0
DK1,KR1,1,1,30.0,500000.0
DK1,NL1,1,1,24.0,0.0
DK1,SE3S,1,1,23.0,50000.0
DK2,NL2,1,1,23.0,500000.0
DK2,NO31,1,1,20.0,50000.0
DK2,RO1,1,1,28.0,400000.0
DK2,SE1,1,1,22.0,50000.0
DK2,,1,1,30.0,300000.0
DK3O,ALG1,1,1,25.0,100000.0
DK2,BE2,1,1,22.0,250000.0
DK2,DK3O,1,1,25.0,25000.0
RO2,TUN1,1,1,26.0,200000.0
RO2,ZYP1,1,1,26.0,250000.0
RO1,RSK2,1,1,29.0,150000.0
RO1,SA2L,1,1,27.0,1200000.0
RO1,THA1,1,1,31.0,400000.0
RO1,UNG1,1,1,24.0,200000.0
RO2,C2,1,1,30.0,150000.0
CPSC,MAL1,1,1,26.0,0.0
RSK1,AUS1,1,1,27.0,250000.0
RSK1,BU1,1,1,22.0,450000.0
RSK1,CLO,1,1,31.0,750000.0
RO2,HK2L,1,1,22.0,0.0
RO2,MAL1,1,1,26.0,350000.0
RO2,RO2,1,1,26.0,100000.0
RO2,SA2L,1,1,28.0,650000.0
RO2,SIN1,1,1,24.0,150000.0
RSK1,THA1,1,1,29.0,400000.0
RSK1,UKR1,1,1,23.0,100000.0
RSK2,CSL,1,1,25.0,450000.0
SA2L,ISR1,1,1,29.0,600000.0
SA2L,JAP2,1,1,32.0,800000.0
SA2L,PO2,1,1,29.0,750000.0
SA2L,RO1,1,1,27.0,900000.0
SA2L,SA2L,1,1,31.0,0.0
RSK2,JAP3,1,1,33.0,650000.0
RSK2,K4L,1,1,28.0,250000.0
RSK2,KAS1,1,1,30.0,375000.0
RSK2,MAL1,1,1,25.0,75000.0
RSK2,MYS1,1,1,32.0,100000.0
RSK2,RKNL,1,1,26.0,125000.0
RSK1,RO1,1,1,30.0,450000.0
RSK1,SER1,1,1,30.0,750000.0
RU1,SER1,1,1,26.0,2000000.0
RSK2,SER1,1,1,27.0,225000.0
RSK2,THA1,1,1,24.0,325000.0
RSK2,,1,1,26.0,400000.0
RU1,GB21,1,1,20.0,200000.0
RU1,GRS2,1,1,23.0,400000.0
RSK2,JAP1,1,1,23.0,325000.0
RSK2,JAP2,1,1,27.0,300000.0
DK1,SER1,1,1,27.0,600000.0
CZ21,C3NA,1,1,19.0,0.0
DK1,DK2,1,1,20.0,0.0
DK1,GB1,1,1,21.0,0.0
DK1,IS1,1,1,29.0,250000.0
RO2,GEO2,1,1,26.0,75000.0
RU1,ISR1,1,1,28.0,450000.0
RU1,SC1,1,1,27.0,300000.0
CSL,CSL,1,1,26.0,250000.0
CSL,HGKG,1,1,33.0,50000.0
CSL,IND1,1,1,32.0,250000.0
CSL,IT1,1,1,24.0,700000.0
CSL,JAP1,1,1,31.0,1000000.0
CSL,LI1,1,1,19.0,0.0
CSL,MYS1,1,1,30.0,1000000.0
CSL,SER1,1,1,25.0,750000.0
RU1,,1,1,32.0,400000.0
RU2,BOS1,1,1,26.0,100000.0
RU2,BU1,1,1,23.0,300000.0
RU2,FARO,1,1,25.0,300000.0
RU2,KAS1,1,1,25.0,800000.0
CYP2,BOS1,1,1,27.0,250000.0
CYP2,MNE2,1,1,29.0,75000.0
CYP2,SLO1,1,1,31.0,250000.0
SA2L,IN1L,1,1,25.0,200000.0
RU2,SER1,1,1,29.0,900000.0
RU2,THA1,1,1,30.0,1000000.0
RUJL,RPLS,1,1,19.0,0.0
RUJL,RUJL,1,1,18.0,0.0
RUJL,,1,1,20.0,50000.0
S21N,SE1,1,1,19.0,75000.0
RU1,WER1,1,1,28.0,450000.0
SA2L,THA1,1,1,30.0,250000.0
SA2L,TUN1,1,1,31.0,0.0
S21S,DK3V,1,1,18.0,75000.0
SA1,BOS1,1,1,28.0,350000.0
SA1,BRA1,1,1,29.0,1300000.0
SA1,MAZ1,1,1,25.0,300000.0
SA1,QSL,1,1,31.0,650000.0
SA1,THA1,1,1,28.0,300000.0
SC1,FR1,1,1,21.0,350000.0
SC1,GR1,1,1,24.0,150000.0
SA2L,,1,1,33.0,250000.0
SB17,SB19,1,1,15.0,0.0
SC1,CA1F,1,1,29.0,250000.0
SC1,CNAT,1,1,27.0,75000.0
SC1,ES1,1,1,27.0,4000000.0
SE1,SA1,1,1,32.0,1000000.0
SC1,KAS1,1,1,28.0,300000.0
SC1,MNP3,1,1,19.0,250000.0
SC1,MYS1,1,1,32.0,100000.0
SC1,NL1,1,1,25.0,500000.0
SC1,NL2,1,1,29.0,350000.0
SC1,PO1,1,1,21.0,1000000.0
SC1,RSK2,1,1,23.0,150000.0
SC1,SC1,1,1,22.0,400000.0
CPSB,,1,1,22.0,0.0
RU2,LET1,1,1,23.0,250000.0
SC1,SC3,1,1,20.0,75000.0
SC1,UKR1,1,1,26.0,400000.0
SC1,USL,1,1,26.0,175000.0
SC1,UZ1,1,1,26.0,600000.0
SC2,GB2,1,1,24.0,250000.0
SC2,GB21,1,1,21.0,0.0
CPSC,PO2,1,1,23.0,50000.0
CPSD,CZ3M,1,1,23.0,0.0
CPSD,MT1P,1,1,21.0,0.0
CSL,BU1,1,1,25.0,1000000.0
COL1,VZ1C,1,1,22.0,200000.0
COLP,COLP,1,1,27.0,800000.0
COLP,RSK2,1,1,27.0,600000.0
COLP,,1,1,29.0,350000.0
COL1,URUC,1,1,24.0,800000.0
COL1,USL,1,1,25.0,250000.0
CNAT,SIN1,1,1,28.0,50000.0
CO22,AR3F,1,1,23.0,100000.0
CO22,COL1,1,1,23.0,100000.0
CO22,HGKG,1,1,25.0,100000.0
CO22,TDeC,1,1,26.0,200000.0
CO2T,COL1,1,1,28.0,300000.0
SE1,IS1,1,1,24.0,75000.0
SC3,SC1,1,1,20.0,75000.0
SC3,SC3,1,1,20.0,0.0
CLPD,JFL,1,1,20.0,25000.0
COL1,JAP2,1,1,28.0,650000.0
COL1,MLS1,1,1,23.0,500000.0
COL1,PER2,1,1,23.0,0.0
COL1,PR1C,1,1,28.0,450000.0
SE1,RSK1,1,1,31.0,250000.0
SC5L,HGKG,1,1,23.0,0.0
SC5L,SC1,1,1,21.0,400000.0
SE1,CDN1,1,1,30.0,250000.0
SE1,CLO,1,1,27.0,700000.0
SE1,DK1,1,1,28.0,250000.0
SE1,ES3C,1,1,21.0,50000.0
SE1,GB21,1,1,21.0,150000.0
SE1,SE2,1,1,21.0,100000.0
SE1,SE3N,1,1,32.0,300000.0
SE1,SFA1,1,1,28.0,800000.0
SE1,UNG1,1,1,28.0,500000.0
SE1,IT1,1,1,20.0,200000.0
SE1,NL1,1,1,23.0,2000000.0
SE1,NO2,1,1,29.0,175000.0
SE1,PO2,1,1,21.0,50000.0
SE2,SE3N,1,1,19.0,50000.0
SFA1,BE1,1,1,25.0,500000.0
SFA1,BO1C,1,1,25.0,300000.0
SFA1,CLO,1,1,28.0,800000.0
SFA1,ISR1,1,1,22.0,600000.0
SFA1,MNE1,1,1,25.0,125000.0
SER1,UZ1,1,1,23.0,300000.0
SER1,ZYP1,1,1,26.0,350000.0
SER1,C1,1,1,25.0,300000.0
SE3N,JUNO,1,1,17.0,0.0
SE3N,SE1,1,1,26.0,0.0
SE3N,SE2,1,1,21.0,0.0
SE3N,SE3S,1,1,26.0,25000.0
SE3S,DK3O,1,1,20.0,40000.0
SE2,AZ1,1,1,25.0,200000.0
SE2,KAS1,1,1,28.0,600000.0
SER1,CDN1,1,1,31.0,400000.0
SER1,DK1,1,1,25.0,1500000.0
SER1,DK2,1,1,27.0,600000.0
SER1,GHPL,1,1,22.0,75000.0
SER1,ISR1,1,1,28.0,500000.0
SEN1,,1,1,24.0,0.0
SER1,BE2,1,1,20.0,100000.0
SER1,BH2S,1,1,22.0,350000.0
CO2T,USL,1,1,22.0,450000.0
CNAT,GI1,1,1,28.0,0.0
CNAT,JAP1,1,1,28.0,500000.0
CNAT,NLS6,1,1,19.0,750000.0
CNAT,SC1,1,1,26.0,25000.0
CN2D,ES3C,1,1,21.0,0.0
CNAT,CDN1,1,1,22.0,0.0
SC4M,SC5L,1,1,19.0,0.0
CN2A,,1,1,21.0,0.0
CN2B,FR1,1,1,19.0,0.0
CN2B,LUX1,1,1,31.0,300000.0
CLPD,KAS1,1,1,29.0,900000.0
CLPD,MYS1,1,1,27.0,150000.0
CLPD,VZ1L,1,1,25.0,350000.0
CLPI,BO1A,1,1,23.0,75000.0
CN2A,CN2B,1,1,21.0,0.0
CN2B,SER1,1,1,24.0,0.0
CN2C,BE1,1,1,20.0,150000.0
CN2C,C1,1,1,22.0,300000.0
CN2C,FR2,1,1,22.0,0.0
CN2C,FR3,1,1,25.0,0.0
CN2A,FR3,1,1,24.0,0.0
CN2A,KAS1,1,1,25.0,0.0
CN2A,THA1,1,1,27.0,0.0
SER1,USL,1,1,23.0,100000.0
SER1,LI1,1,1,22.0,400000.0
SER1,MAL1,1,1,26.0,150000.0
SER1,MAZ1,1,1,19.0,50000.0
SER1,MNE1,1,1,26.0,150000.0
SER1,PO1,1,1,25.0,500000.0
SER1,PO2,1,1,23.0,1500000.0
CHLA,CHLA,1,1,19.0,75000.0
SER2,ARM1,1,1,24.0,300000.0
SER2,BOS1,1,1,24.0,400000.0
SER2,CLO,1,1,24.0,800000.0
SER2,SB19,1,1,18.0,0.0
SER1,RU1,1,1,27.0,1500000.0
SER1,THA1,1,1,27.0,350000.0
SER1,TR1,1,1,20.0,750000.0
SER1,TR2,1,1,25.0,350000.0
SFA1,TS1,1,1,23.0,0.0
SFA1,USL,1,1,27.0,1000000.0
SIN1,IN3L,1,1,21.0,10000.0
SIN1,IT3B,1,1,24.0,75000.0
SIN1,MAL1,1,1,25.0,125000.0
TAD1,TUN1,1,1,20.0,0.0
TAD1,,1,1,20.0,0.0
TDeC,ALB1,1,1,25.0,275000.0
SL1,CN2B,1,1,24.0,0.0
SIN1,MNE1,1,1,27.0,175000.0
SIN1,MYS1,1,1,24.0,100000.0
SIN1,NO2,1,1,19.0,50000.0
SIN1,RO1,1,1,25.0,150000.0
SIN1,THA1,1,1,25.0,150000.0
SK2,BU1,1,1,19.0,50000.0
SFA1,SE1,1,1,27.0,400000.0
SL1,SER1,1,1,23.0,200000.0
SL1,TS1,1,1,20.0,200000.0
SL19,CSL,1,1,18.0,0.0
SL1,A1,1,1,22.0,400000.0
SL1,A2,1,1,26.0,175000.0
SL1,BE1,1,1,24.0,500000.0
SL1,BU1,1,1,25.0,350000.0
SL1,CLO,1,1,24.0,250000.0
CN2A,CN2D,1,1,22.0,0.0
CLO,RSK1,1,1,32.0,500000.0
CLO,TFPL,1,1,24.0,125000.0
CLO,THA1,1,1,30.0,1200000.0
CLO,UZ2L,1,1,31.0,300000.0
SER1,RSK1,1,1,31.0,750000.0
SL1,MAL1,1,1,20.0,50000.0
SL1,MT1P,1,1,21.0,50000.0
CLO,RO1,1,1,32.0,525000.0
CL2B,AR1N,1,1,30.0,600000.0
CL2B,CL2B,1,1,27.0,275000.0
CL2B,KAS1,1,1,28.0,450000.0
CL2B,USL,1,1,26.0,375000.0
CHPR,C2,1,1,21.0,50000.0
CHPR,MAL1,1,1,20.0,75000.0
CHPR,RO2,1,1,29.0,100000.0
SLO1,ARM1,1,1,20.0,150000.0
C3VL,,1,1,19.0,0.0
CLO,BO1A,1,1,26.0,450000.0
CLO,CSL,1,1,22.0,50000.0
CLO,HGKG,1,1,27.0,300000.0
CLO,NO1,1,1,28.0,300000.0
CLO,PEDP,1,1,24.0,250000.0
CLO,PL1,1,1,25.0,700000.0
SLO1,RO1,1,1,31.0,175000.0
SLO1,SK2,1,1,36.0,25000.0
T191,TR4C,1,1,18.0,0.0
T211,,1,1,19.0,0.0
TAD1,BGD1,1,1,32.0,225000.0
TAD1,BU1,1,1,24.0,300000.0
SL2,BOS1,1,1,22.0,150000.0
SL2,MAL2,1,1,24.0,100000.0
TDeC,COL1,1,1,26.0,175000.0
TAD1,ILI2,1,1,20.0,200000.0
TAD1,IND1,1,1,30.0,250000.0
TAD1,KAS1,1,1,25.0,200000.0
TAD1,KG1L,1,1,31.0,250000.0
TAD1,MYS1,1,1,26.0,600000.0
TAD1,PFL1,1,1,21.0,50000.0
TAD1,SA2L,1,1,30.0,250000.0
THA1,MEXA,1,1,26.0,0.0
THA1,MT1P,1,1,25.0,0.0
TDeC,PER2,1,1,23.0,300000.0
TDeC,USL,1,1,26.0,350000.0
TDeC,,1,1,27.0,250000.0
TFPL,BH1L,1,1,32.0,125000.0
TFPL,TFPL,1,1,26.0,125000.0
THA1,BE1,1,1,21.0,700000.0
THA2,MYS1,1,1,35.0,75000.0
THA2,PFL1,1,1,37.0,100000.0
THA1,SE1,1,1,31.0,500000.0
THA2,ALB2,1,1,32.0,75000.0
THA1,BRNE,1,1,29.0,75000.0
THA1,ISR1,1,1,31.0,350000.0
THA1,JAP2,1,1,23.0,1000000.0
THA1,KO1,1,1,24.0,200000.0
CHL1,CHL1,1,1,20.0,150000.0
CHL1,OBLB,1,1,23.0,150000.0
CHL1,USA2,1,1,20.0,150000.0
CHL1,,1,1,26.0,300000.0
SLO1,KR1,1,1,21.0,550000.0
THA2,CN2B,1,1,26.0,300000.0
THA2,ILI2,1,1,24.0,150000.0
THA2,IND1,1,1,27.0,250000.0
CHPR,THA2,1,1,23.0,100000.0
CHPR,,1,1,21.0,50000.0
CIR5,BOS2,1,1,22.0,0.0
CIR5,HK2L,1,1,25.0,0.0
CIR5,,1,1,33.0,100000.0
CHC2,CHPR,1,1,22.0,0.0
CHIÜ,ARGC,1,1,24.0,200000.0
CHIÜ,CH2C,1,1,21.0,150000.0
UD2L,GB1,1,1,21.0,100000.0
UD2L,GB2,1,1,21.0,0.0
UGL1,CSL,1,1,25.0,0.0
UKR1,BU1,1,1,26.0,200000.0
UKR1,CSL,1,1,28.0,500000.0
UKR1,DK2,1,1,26.0,500000.0
UKR1,IND1,1,1,24.0,400000.0
UAE1,A1,1,1,30.0,2000000.0
TLE1,,1,1,22.0,50000.0
TOSL,J2J3,1,1,24.0,0.0
TR1,BO1A,1,1,29.0,450000.0
TR1,GB1,1,1,25.0,11500000.0
TR1,GB2,1,1,24.0,2750000.0
TR1,NL1,1,1,23.0,300000.0
TR1,RU1,1,1,30.0,1000000.0
TR1,THA1,1,1,34.0,550000.0
TR2,USL,1,1,23.0,400000.0
TR3A,PFL1,1,1,25.0,25000.0
TR3A,TR2,1,1,22.0,500000.0
TR3A,,1,1,20.0,0.0
TR1,UAE1,1,1,27.0,1200000.0
TR2,CLO,1,1,29.0,325000.0
TR2,ES1,1,1,24.0,2300000.0
TR2,NO1,1,1,23.0,500000.0
TR3B,TR2,1,1,26.0,300000.0
TR3B,WER1,1,1,25.0,50000.0
TR3B,,1,1,24.0,150000.0
TR4A,KAS1,1,1,21.0,0.0
TR4C,KG1L,1,1,28.0,0.0
TS1,BU1,1,1,21.0,300000.0
TS1,IND1,1,1,34.0,350000.0
TR2,TR3B,1,1,26.0,300000.0
CDN1,MOP2,1,1,30.0,200000.0
CDN1,QU2L,1,1,28.0,200000.0
CH17,CH18,1,1,16.0,0.0
CB20,BRA1,1,1,20.0,50000.0
CB20,CB20,1,1,18.0,0.0
CB20,PT23,1,1,20.0,0.0
CDN1,ALB1,1,1,23.0,200000.0
CDN1,EST1,1,1,20.0,50000.0
CH18,CHC1,1,1,17.0,0.0
CH18,CHC2,1,1,17.0,0.0
CH2C,CHL1,1,1,25.0,75000.0
CH2C,,1,1,25.0,0.0
CHC1,,1,1,19.0,0.0
CHC2,C2,1,1,19.0,0.0
CDN1,KHM1,1,1,32.0,175000.0
CDN1,MAL1,1,1,23.0,75000.0
TUN1,QSL,1,1,20.0,500000.0
TUN1,TS1,1,1,19.0,300000.0
TS1,KAS1,1,1,27.0,650000.0
TS1,RLB3,1,1,23.0,200000.0
TS1,SL1,1,1,21.0,150000.0
TS1,TR2,1,1,21.0,0.0
TS1,ZYP1,1,1,30.0,200000.0
C3CM,FR2,1,1,22.0,25000.0
UAE1,CSL,1,1,25.0,1000000.0
UAE1,INIL,1,1,27.0,400000.0
UAE1,IRN1,1,1,29.0,1000000.0
UAE1,MAR1,1,1,24.0,500000.0
UAE1,SER1,1,1,28.0,400000.0
UAE1,UAE1,1,1,30.0,1000000.0
TS2,,1,1,19.0,0.0
TUN1,IT3B,1,1,24.0,100000.0
UKR2,SER1,1,1,27.0,500000.0
UN2,IND1,1,1,31.0,250000.0
UKR1,IRN1,1,1,27.0,750000.0
UKR1,IS1,1,1,24.0,400000.0
UKR1,LI1,1,1,24.0,300000.0
UKR1,NO1,1,1,26.0,250000.0
UKR1,RSK2,1,1,24.0,700000.0
USL,GHPL,1,1,23.0,175000.0
UNG1,FR1,1,1,20.0,0.0
UNG1,GB2,1,1,29.0,400000.0
UNG1,IND1,1,1,30.0,500000.0
UNG1,IS1,1,1,24.0,400000.0
UNG1,MO1N,1,1,25.0,300000.0
UKR1,RU1,1,1,26.0,1500000.0
UKR1,UNG1,1,1,26.0,1000000.0
UKR2,JAP3,1,1,28.0,100000.0
UNG1,UKR1,1,1,27.0,750000.0
UNG1,UNG1,1,1,29.0,500000.0
UNG1,URUC,1,1,34.0,250000.0
URU2,URUC,1,1,21.0,200000.0
URU2,,1,1,32.0,225000.0
UN2,MNE1,1,1,23.0,200000.0
UNG1,ALB1,1,1,27.0,100000.0
UNG1,BOS1,1,1,27.0,150000.0
C3PL,FR1,1,1,20.0,0.0
C3PL,FR2,1,1,18.0,0.0
C3PL,FR3,1,1,21.0,0.0
C3PL,,1,1,20.0,0.0
C3VL,C3VL,1,1,18.0,0.0
C3VL,LUX1,1,1,23.0,200000.0
TS2,MEX2,1,1,18.0,0.0
UNG1,SE1,1,1,30.0,1500000.0
VIE1,BRA2,1,1,30.0,550000.0
VIE1,CDN1,1,1,26.0,125000.0
VIE1,CLO,1,1,31.0,600000.0
VIE1,IN1L,1,1,29.0,100000.0
UZ1,LPL,1,1,30.0,175000.0
UZ1,MNE1,1,1,30.0,175000.0
UZ2L,UZ1,1,1,25.0,50000.0
UZ1,HGKG,1,1,30.0,450000.0
URUC,ES2,1,1,24.0,800000.0
URUC,IT2,1,1,19.0,100000.0
URUC,MEXA,1,1,23.0,750000.0
URUC,MLS1,1,1,22.0,200000.0
UZ2L,,1,1,26.0,150000.0
VFVB,,1,1,21.0,0.0
VIE1,ALG1,1,1,28.0,200000.0
VIE1,AUS1,1,1,30.0,600000.0
URUC,PR1C,1,1,25.0,550000.0
URUC,TDeC,1,1,30.0,475000.0
URUC,URU2,1,1,21.0,200000.0
URUC,ZYP1,1,1,32.0,450000.0
URUE,URUC,1,1,23.0,650000.0
URUC,ARGC,1,1,21.0,50000.0
URUC,B1AP,1,1,28.0,200000.0
URUC,COL1,1,1,23.0,650000.0
USL,HOC1,1,1,20.0,75000.0
USL,IND1,1,1,29.0,300000.0
USL,J2J3,1,1,28.0,500000.0
USL,LI1,1,1,26.0,300000.0
USA2,CHIÜ,1,1,21.0,150000.0
USC3,COL1,1,1,24.0,200000.0
USC3,MNP3,1,1,26.0,225000.0
USL,ATRW,1,1,24.0,200000.0
C3HF,IJ1,1,1,19.0,0.0
C3HF,IT3A,1,1,21.0,25000.0
C3HF,,1,1,36.0,0.0
C2,USL,1,1,27.0,250000.0
C3BF,,1,1,19.0,150000.0
C3BR,FR1,1,1,20.0,0.0
C3BR,FR2,1,1,19.0,0.0
C3BR,SC3,1,1,19.0,0.0
C3IF,GB2,1,1,18.0,0.0
C3IF,PFL1,1,1,25.0,0.0
C3IF,VIE1,1,1,26.0,0.0
C3CM,,1,1,20.0,0.0
C3GE,C3VL,1,1,28.0,0.0
C3GE,,1,1,25.0,0.0
C3HF,CN2D,1,1,23.0,0.0
C3HF,FR2,1,1,18.0,0.0
C3NA,CZ21,1,1,19.0,0.0
C3NA,FR1,1,1,19.0,0.0
C3NA,MAL1,1,1,30.0,100000.0
C3NO,PT23,1,1,18.0,0.0
C3OC,FR1,1,1,19.0,0.0
C3IF,C3IF,1,1,35.0,0.0
C3IF,CN2B,1,1,22.0,0.0
C3IF,FR2,1,1,20.0,0.0
UZ1,IN1L,1,1,27.0,200000.0
UZ1,INIL,1,1,32.0,200000.0
UZ1,KAS1,1,1,23.0,500000.0
USL,SE1,1,1,22.0,450000.0
USL,TR2,1,1,22.0,400000.0
USL,VZ1C,1,1,28.0,200000.0
BU2,2DVB,1,1,27.0,0.0
C3NA,CN2A,1,1,22.0,0.0
VIE1,MYS1,1,1,26.0,325000.0
VIE1,SFA1,1,1,26.0,150000.0
VLHM,OL7,1,1,18.0,0.0
VLHM,VLHM,1,1,26.0,0.0
ZYP1,URUC,1,1,32.0,300000.0
ZYP1,USL,1,1,26.0,150000.0
,181F,1,1,18.0,0.0
,511,1,1,33.0,250000.0
VLHS,INIL,1,1,30.0,0.0
VLHS,,1,1,37.0,0.0
VZ1C,COL1,1,1,20.0,100000.0
VZ1C,MLS1,1,1,21.0,300000.0
VZ1C,RSK1,1,1,20.0,0.0
VZ1C,USL,1,1,29.0,250000.0
VIE1,J2J3,1,1,27.0,150000.0
VIE1,KAS1,1,1,32.0,225000.0
VZ1L,CL2B,1,1,26.0,300000.0
VZ1L,CLPD,1,1,23.0,350000.0
VZ1L,COL1,1,1,24.0,100000.0
VZ1L,IND1,1,1,32.0,300000.0
VZ1L,MEX2,1,1,25.0,350000.0
VZ1L,USL,1,1,23.0,175000.0
VZ1L,,1,1,23.0,100000.0
WAL1,PFL1,1,1,30.0,25000.0
C3CM,C3HF,1,1,20.0,0.0
USL,VZ1L,1,1,24.0,175000.0
WER1,AND1,1,1,29.0,350000.0
WER1,AZ1,1,1,25.0,150000.0
WER1,KAS1,1,1,31.0,450000.0
WER1,LI1,1,1,25.0,300000.0
WER1,LTU2,1,1,22.0,0.0
WER1,R3D2,1,1,23.0,100000.0
C1,FR2,1,1,25.0,400000.0
C1,FR3,1,1,22.0,300000.0
C1,GB2,1,1,23.0,750000.0
C1,ISR1,1,1,27.0,600000.0
C1,NL1,1,1,25.0,700000.0
BU2,MAL1,1,1,27.0,200000.0
BU2,MYS1,1,1,25.0,125000.0
BZ1C,MAL2,1,1,18.0,0.0
C1,THA1,1,1,30.0,100000.0
C2,C2,1,1,21.0,700000.0
C2,GR1,1,1,27.0,400000.0
C2,IRQ1,1,1,32.0,100000.0
C2,RO1,1,1,31.0,100000.0
C1,CN2C,1,1,21.0,300000.0
C1,ES1,1,1,28.0,700000.0
C1,ES2,1,1,30.0,600000.0
ZYP1,ES1,1,1,31.0,550000.0
ZYP1,ES3A,1,1,35.0,300000.0
WER1,RSK2,1,1,29.0,400000.0
WER1,RU2,1,1,23.0,200000.0
WER1,UZ1,1,1,27.0,450000.0
BRA2,VIE1,1,1,26.0,1000000.0
C1,PL1,1,1,26.0,1250000.0
C1,SA1,1,1,26.0,1300000.0
ZYP1,L2,1,1,28.0,800000.0
ZYP1,MAR1,1,1,25.0,300000.0
ZYP1,RU1,1,1,21.0,500000.0
ZYP1,SA1,1,1,25.0,250000.0
ZYP1,SC1,1,1,25.0,700000.0
ZYP1,THA1,1,1,28.0,225000.0
ZYP1,BU1,1,1,27.0,400000.0
ZYP1,DK2,1,1,25.0,200000.0
BU1,RU1,1,1,26.0,150000.0
BRga,BRA2,1,1,22.0,200000.0
BSL1,MYS1,1,1,20.0,0.0
BU1,CSL,1,1,24.0,1500000.0
BRA3,,1,1,23.0,0.0
BRBL,PFL1,1,1,32.0,0.0
BRCG,BRA1,1,1,25.0,0.0
BRCG,,1,1,21.0,100000.0
,AJ17,1,1,15.0,0.0
BOS1,TR1,1,1,19.0,50000.0
BU1,KR1,1,1,25.0,550000.0
BU1,L1,1,1,19.0,0.0
BU1,MAL1,1,1,26.0,350000.0
BU1,MAR1,1,1,22.0,50000.0
BU1,RO1,1,1,24.0,550000.0
BU1,RSK2,1,1,29.0,1000000.0
,ATRO,1,1,17.0,0.0
,B1AP,1,1,20.0,25000.0
,BCP2,1,1,18.0,0.0
,ALB2,1,1,29.0,150000.0
,ALG1,1,1,22.0,350000.0
,ARG2,1,1,18.0,0.0
,A1,1,1,23.0,350000.0
,AJ1,1,1,17.0,0.0
BU1,RU2,1,1,23.0,400000.0
BU1,SA1,1,1,27.0,300000.0
BU1,TAD1,1,1,24.0,400000.0
BU1,THA1,1,1,29.0,350000.0
BU1,UKR1,1,1,27.0,600000.0
BU1,UZ2L,1,1,25.0,300000.0
,BJ2,1,1,15.0,0.0
,ATRM,1,1,16.0,0.0
BRA1,RSK2,1,1,21.0,250000.0
BRA1,SA1,1,1,28.0,1400000.0
BRA1,THA2,1,1,26.0,0.0
BRA2,BCP1,1,1,22.0,0.0
BOS2,,1,1,18.0,0.0
BRA1,AR1N,1,1,20.0,700000.0
BRA1,BRCG,1,1,24.0,0.0
BRA1,GB2,1,1,25.0,500000.0
,C3GE,1,1,24.0,0.0
,C3HF,1,1,19.0,0.0
,C3NO,1,1,16.0,0.0
,CB20,1,1,19.0,0.0
,C3BF,1,1,19.0,0.0
,BO1C,1,1,20.0,0.0
,BRBL,1,1,31.0,0.0
BJ3,AJ3,1,1,17.0,0.0
BRA2,THA1,1,1,26.0,2000000.0
,CH2C,1,1,24.0,0.0
,CHC1,1,1,22.0,0.0
,CHC2,1,1,21.0,0.0
,CHLA,1,1,18.0,75000.0
,CHPR,1,1,26.0,50000.0
,CIR3,1,1,31.0,0.0
,CIR4,1,1,33.0,100000.0
BRCM,RSK2,1,1,27.0,2000000.0
BRNE,SFA1,1,1,29.0,75000.0
BRRS,,1,1,21.0,200000.0
BRA2,BRA3,1,1,22.0,200000.0
BRA2,BRCM,1,1,27.0,2000000.0
BRA2,BRga,1,1,22.0,200000.0
BRA2,CLO,1,1,29.0,1300000.0
BRA2,JAP1,1,1,25.0,400000.0
BOS1,CLO,1,1,30.0,50000.0
BOS1,DK1,1,1,28.0,400000.0
BOS1,GRS2,1,1,27.0,200000.0
BOS1,ISR2,1,1,28.0,400000.0
BO1A,MAL2,1,1,22.0,125000.0
BO1A,SFA1,1,1,24.0,500000.0
BO1A,URUC,1,1,29.0,350000.0
BO1A,,1,1,20.0,150000.0
,E3G2,1,1,27.0,250000.0
,E4G4,1,1,23.0,0.0
,E4G5,1,1,26.0,100000.0
,CO22,1,1,19.0,100000.0
,CZ3M,1,1,24.0,0.0
,CLPD,1,1,18.0,0.0
,CLPI,1,1,20.0,0.0
,CN2A,1,1,21.0,0.0
BOS1,MYS1,1,1,25.0,50000.0
BOS1,QSL,1,1,29.0,350000.0
BOS1,RO1,1,1,29.0,150000.0
BOS1,RU1,1,1,20.0,800000.0
,BRCM,1,1,22.0,0.0
,EL1A,1,1,21.0,50000.0
,ES17,1,1,14.0,0.0
,DKDA,1,1,28.0,0.0
BRA1,LET1,1,1,20.0,50000.0
BOS1,UNG1,1,1,26.0,250000.0
BOS2,CIR5,1,1,21.0,100000.0
BOS2,IN1L,1,1,27.0,100000.0
BOS2,KR2,1,1,25.0,225000.0
BOS2,SER2,1,1,24.0,150000.0
BOS1,KR1,1,1,21.0,850000.0
BOS1,MAL1,1,1,27.0,100000.0
BE2,WER1,1,1,27.0,350000.0
BE2,,1,1,30.0,400000.0
BEL3,L3,1,1,27.0,300000.0
BGD1,IND1,1,1,32.0,0.0
BGD1,INIL,1,1,34.0,125000.0
BE2,BE3A,1,1,38.0,75000.0
BE2,DK2,1,1,22.0,250000.0
BE2,FR2,1,1,25.0,400000.0
,EST3,1,1,15.0,0.0
,F19A,1,1,17.0,0.0
,F19B,1,1,16.0,0.0
BGD1,MLD1,1,1,35.0,75000.0
BGD1,TAD1,1,1,33.0,225000.0
BH1L,GEO2,1,1,25.0,175000.0
BH1L,ILI2,1,1,28.0,225000.0
BH1L,LAO1,1,1,21.0,75000.0
BO1A,ISR1,1,1,26.0,450000.0
BH2S,SL2,1,1,23.0,150000.0
BI17,BI19,1,1,17.0,0.0
,GR2,1,1,28.0,400000.0
,GZO1,1,1,29.0,0.0
,FARO,1,1,18.0,0.0
,FI2,1,1,21.0,0.0
,ES3E,1,1,22.0,0.0
BO1C,BO1C,1,1,22.0,500000.0
BOS1,ALB1,1,1,27.0,150000.0
BOS1,ARM1,1,1,26.0,250000.0
BJ3,,1,1,17.0,0.0
BO1A,BO1A,1,1,21.0,175000.0
BO1A,CL2B,1,1,30.0,950000.0
BO1A,ES2,1,1,30.0,350000.0
BO1A,IND1,1,1,25.0,225000.0
,IND2,1,1,32.0,150000.0
ARM2,CO2T,1,1,22.0,125000.0
BE1,CDN1,1,1,27.0,150000.0
BE1,GB2,1,1,25.0,2500000.0
BE1,L2,1,1,24.0,450000.0
AZ1,,1,1,23.0,50000.0
B1AP,,1,1,20.0,25000.0
BCP1,BRA1,1,1,22.0,300000.0
,IT3A,1,1,19.0,75000.0
,IT3B,1,1,25.0,500000.0
,IT3C,1,1,35.0,50000.0
,IT4A,1,1,26.0,125000.0
,IRQ1,1,1,21.0,250000.0
,ISL3,1,1,38.0,0.0
,HOC1,1,1,26.0,250000.0
,IN20,1,1,19.0,0.0
BE1,ZYP1,1,1,32.0,400000.0
,F4KP,1,1,39.0,0.0
,IT4B,1,1,21.0,0.0
,IT4F,1,1,27.0,50000.0
,IT4G,1,1,28.0,50000.0
,IT4H,1,1,32.0,0.0
,ITJ3,1,1,16.0,0.0
,IT1,1,1,16.0,0.0
BE2,GB2,1,1,26.0,250000.0
BE2,LI1,1,1,24.0,50000.0
BE2,NL2,1,1,28.0,450000.0
BE2,SL1,1,1,23.0,225000.0
BE1,MAR1,1,1,24.0,300000.0
BE1,RO1,1,1,20.0,0.0
BE1,SFA1,1,1,26.0,600000.0
BE1,THA1,1,1,22.0,800000.0
,KHM1,1,1,26.0,200000.0
,ITJ4,1,1,16.0,0.0
,ITJ8,1,1,15.0,0.0
,JFL,1,1,24.0,0.0
AR1N,ECSE,1,1,21.0,400000.0
AUS1,IRN1,1,1,27.0,300000.0
AUS1,IT2,1,1,26.0,450000.0
AUS1,NL1,1,1,20.0,500000.0
,KTOS,1,1,31.0,100000.0
,L1,1,1,18.0,0.0
,L2,1,1,29.0,400000.0
,LBSO,1,1,20.0,0.0
,JPKA,1,1,21.0,0.0
,JPL1,1,1,17.0,0.0
,JUSÖ,1,1,16.0,0.0
,KAS2,1,1,15.0,0.0
AUS1,UZ1,1,1,29.0,250000.0
AUS1,VIE1,1,1,29.0,650000.0
AZ1,AZ1,1,1,28.0,350000.0
AZ1,BE1,1,1,24.0,250000.0
,LET2,1,1,19.0,0.0
,LLSA,1,1,20.0,0.0
,LUX1,1,1,25.0,0.0
,KO1,1,1,17.0,0.0
BCP1,BRA2,1,1,22.0,0.0
BCP1,THA1,1,1,23.0,0.0
AZ1,GR1,1,1,27.0,400000.0
AZ1,IND1,1,1,25.0,200000.0
AZ1,PO2,1,1,26.0,250000.0
AZ1,SIN1,1,1,27.0,300000.0
AZ1,WER1,1,1,30.0,450000.0
AZ1,ZYP1,1,1,27.0,200000.0
,MEXA,1,1,21.0,300000.0
AJ1,L1,1,1,18.0,0.0
ARGC,CH2C,1,1,23.0,75000.0
ARGC,CHL1,1,1,23.0,200000.0
ARGC,CLO,1,1,21.0,0.0
ARGC,URUC,1,1,21.0,50000.0
ARGC,,1,1,23.0,500000.0
ARM1,BH1L,1,1,25.0,175000.0
,NLEV,1,1,17.0,0.0
,NNL1,1,1,33.0,0.0
,NCL1,1,1,17.0,0.0
,NIFS,1,1,31.0,300000.0
,NIR1,1,1,30.0,100000.0
,MNE2,1,1,17.0,0.0
,MO1N,1,1,21.0,0.0
,MAL3,1,1,30.0,0.0
ATRO,A4N,1,1,17.0,0.0
ATRW,A2,1,1,20.0,125000.0
ATRW,USL,1,1,25.0,0.0
ARM1,KAS1,1,1,27.0,200000.0
ARM1,MO1N,1,1,22.0,100000.0
ARM1,UZ1,1,1,29.0,225000.0
ARM1,ZYP1,1,1,24.0,175000.0
ARM2,ARM1,1,1,17.0,10000.0
AUS1,NL2,1,1,22.0,250000.0
AUS1,F4LA,1,1,21.0,150000.0
AUS1,FI1,1,1,24.0,350000.0
AUS1,GB1,1,1,19.0,200000.0
AUS1,GB2,1,1,25.0,750000.0
AUS1,GB21,1,1,20.0,150000.0
ARY3,AR1N,1,1,20.0,0.0
ATRO,A1,1,1,18.0,0.0
,USFD,1,1,20.0,0.0
,VLBE,1,1,30.0,0.0
,VLHS,1,1,36.0,0.0
,URU2,1,1,37.0,75000.0
,TR1,1,1,33.0,2000000.0
,TR3A,1,1,20.0,0.0
,TR4A,1,1,20.0,0.0
A1,THA1,1,1,33.0,900000.0
A2VI,THA1,1,1,25.0,0.0
A2VI,THA2,1,1,25.0,0.0
A4N,A2,1,1,18.0,0.0
A4ST,,1,1,35.0,0.0
ACFF,BE2,1,1,24.0,475000.0
,OL7,1,1,17.0,0.0
,VZ1A,1,1,19.0,0.0
181F,NL2,1,1,19.0,0.0
AJ1,MAL1,1,1,19.0,0.0
AJ1,RLN3,1,1,18.0,0.0
AJ1,RLN4,1,1,18.0,0.0
AJ1,,1,1,17.0,0.0
AJ17,JGD,1,1,17.0,0.0
AJ2,L3,1,1,18.0,0.0
AJ2,RLW3,1,1,18.0,0.0
A2VI,PFL1,1,1,23.0,0.0
ALG1,BE2,1,1,23.0,550000.0
ALG1,BU1,1,1,25.0,100000.0
AND1,C3GE,1,1,27.0,100000.0
AND1,MAL1,1,1,30.0,300000.0
AJ3,L2,1,1,19.0,100000.0
ALB1,C2,1,1,19.0,100000.0
ALB1,MAZ1,1,1,30.0,200000.0
ALB1,UNG1,1,1,23.0,825000.0
GR1,RSK2,1,1,27.0,350000.0
GI1,MAL1,1,1,29.0,50000.0
GI1,PFL1,1,1,29.0,50000.0
GR1,GB2,1,1,29.0,800000.0
GR1,IN1L,1,1,27.0,400000.0
HOC1,MYS1,1,1,34.0,175000.0
IJ1,C3HF,1,1,19.0,0.0
IJ1,FR2,1,1,19.0,0.0
GR1,ZYP1,1,1,26.0,800000.0
GR2,BOS1,1,1,24.0,300000.0
GR2,IND1,1,1,34.0,150000.0
GR1,IT1,1,1,23.0,750000.0
GR1,JAP3,1,1,28.0,350000.0
GR1,KR1,1,1,28.0,3000000.0
GR1,NL2,1,1,22.0,250000.0
GR1,PO1,1,1,23.0,750000.0
GE1N,UKR2,1,1,21.0,250000.0
GR2,,1,1,29.0,300000.0
GR20,,1,1,18.0,0.0
GRS2,AUS1,1,1,23.0,400000.0
GRS2,CDN1,1,1,22.0,0.0
GRS2,CYP2,1,1,27.0,0.0
GR1,UAE1,1,1,28.0,2500000.0
GR1,URUC,1,1,31.0,450000.0
A1,UNG1,1,1,23.0,325000.0
19LB,,1,1,19.0,0.0
211F,LET1,1,1,21.0,0.0
211F,NL1,1,1,19.0,350000.0
211F,NTD,1,1,21.0,0.0
3PTP,IN1L,1,1,27.0,175000.0
510,LUX1,1,1,23.0,0.0
511,NL2,1,1,20.0,50000.0
