from_country,to_country,transfers,unique_players,avg_age,median_market_value
184,184,436,80,22.14908256880734,0.0
189,189,299,52,20.82274247491639,0.0
157,157,230,37,22.27391304347826,100000.0
50,50,186,49,20.79032258064516,0.0
136,136,182,41,20.89010989010989,0.0
26,26,135,19,22.0,0.0
122,122,132,25,19.363636363636363,0.0
167,167,112,34,27.1875,125000.0
40,40,111,28,21.00900900900901,0.0
75,75,101,14,20.96039603960396,125000.0
215,215,83,18,19.602409638554217,0.0
147,147,75,16,20.933333333333334,0.0
106,106,72,32,26.069444444444443,50000.0
12,12,69,22,20.492753623188406,0.0
80,80,65,21,22.615384615384617,0.0
77,77,64,22,22.890625,50000.0
37,37,59,9,19.54237288135593,0.0
67,67,56,32,30.982142857142858,300000.0
87,87,56,14,22.107142857142858,125000.0
184,0,54,43,23.90740740740741,62500.0
0,184,53,43,24.169811320754718,50000.0
67,0,50,44,31.42,200000.0
125,125,47,12,20.893617021276597,25000.0
39,39,43,9,23.093023255813954,0.0
56,56,42,10,23.547619047619047,200000.0
103,103,37,17,26.324324324324323,150000.0
68,68,35,22,24.484848484848484,150000.0
140,140,35,11,22.057142857142857,150000.0
127,127,34,5,17.058823529411764,0.0
188,188,32,6,22.90625,50000.0
53,53,31,7,20.774193548387096,175000.0
110,110,31,10,22.161290322580644,300000.0
71,71,30,6,20.6,0.0
148,148,30,10,22.533333333333335,50000.0
24,24,30,7,20.933333333333334,100000.0
18,18,30,5,19.733333333333334,62500.0
190,190,29,8,20.482758620689655,50000.0
19,19,29,9,22.724137931034484,250000.0
10,10,28,11,24.607142857142858,50000.0
141,141,28,9,21.678571428571427,362500.0
28,28,28,10,22.107142857142858,100000.0
177,177,27,8,19.85185185185185,0.0
174,174,26,10,21.923076923076923,0.0
216,216,25,7,21.44,25000.0
157,0,25,24,26.12,50000.0
9,9,25,8,21.48,50000.0
106,0,25,22,27.04,50000.0
100,100,25,4,25.24,125000.0
0,106,24,21,25.875,12500.0
50,0,24,19,25.875,112500.0
0,67,23,19,30.434782608695652,300000.0
135,135,22,6,22.954545454545453,0.0
189,0,22,16,26.09090909090909,25000.0
189,190,22,16,24.045454545454547,150000.0
80,184,22,14,20.363636363636363,0.0
33,33,22,5,21.5,75000.0
155,155,22,8,20.90909090909091,100000.0
218,218,22,8,21.818181818181817,17500.0
184,80,21,15,21.428571428571427,0.0
83,83,20,8,23.0,300000.0
0,80,20,18,25.05,150000.0
0,50,20,17,25.4,0.0
0,157,19,17,25.68421052631579,0.0
40,0,19,15,23.473684210526315,0.0
190,189,18,13,24.22222222222222,362500.0
74,74,18,6,21.444444444444443,37500.0
159,159,18,8,23.27777777777778,212500.0
180,180,18,7,22.22222222222222,150000.0
0,40,18,15,24.444444444444443,87500.0
34,34,17,12,28.470588235294116,200000.0
182,182,17,5,20.823529411764707,0.0
120,120,17,7,19.0,25000.0
0,167,16,14,29.6875,125000.0
26,136,15,9,23.666666666666668,50000.0
50,19,15,10,23.466666666666665,300000.0
0,189,15,13,24.466666666666665,0.0
0,10,15,12,24.785714285714285,0.0
122,0,15,11,26.733333333333334,250000.0
133,133,14,3,22.5,225000.0
81,81,14,10,24.357142857142858,275000.0
165,165,14,4,19.071428571428573,0.0
107,107,13,6,26.076923076923077,50000.0
172,172,13,4,22.46153846153846,0.0
0,103,12,10,28.916666666666668,75000.0
136,0,12,12,25.25,100000.0
153,153,12,5,20.166666666666668,75000.0
154,154,12,3,18.833333333333332,0.0
179,179,12,4,22.416666666666668,200000.0
157,189,11,6,20.90909090909091,100000.0
19,50,11,6,23.545454545454547,300000.0
16,16,11,1,25.636363636363637,0.0
173,173,11,3,24.818181818181817,0.0
23,23,11,4,22.181818181818183,125000.0
49,49,11,5,19.272727272727273,0.0
0,12,11,10,24.545454545454547,200000.0
73,73,11,3,20.636363636363637,0.0
0,134,11,10,25.363636363636363,0.0
167,0,10,9,30.7,125000.0
134,134,10,7,27.6,25000.0
134,0,10,9,24.6,37500.0
103,0,10,9,29.9,125000.0
58,58,10,2,24.5,112500.0
157,67,10,7,29.9,225000.0
188,0,10,9,26.6,150000.0
78,78,10,2,21.4,0.0
0,28,9,7,25.666666666666668,125000.0
12,67,9,9,30.333333333333332,400000.0
190,0,9,9,24.77777777777778,150000.0
98,98,9,4,21.77777777777778,0.0
75,0,9,8,27.77777777777778,200000.0
132,132,9,3,20.444444444444443,0.0
0,136,9,9,27.11111111111111,200000.0
0,122,9,6,27.22222222222222,250000.0
189,157,9,5,23.333333333333332,750000.0
0,177,9,6,23.22222222222222,250000.0
112,112,9,2,22.666666666666668,25000.0
185,185,9,7,26.22222222222222,175000.0
28,0,9,8,25.555555555555557,250000.0
136,26,8,6,24.125,500000.0
177,0,8,7,23.125,200000.0
44,44,8,2,18.875,0.0
47,47,8,1,17.0,25000.0
167,103,8,8,30.5,250000.0
0,190,8,7,25.75,212500.0
189,67,8,6,28.75,250000.0
0,75,8,8,25.25,87500.0
50,157,8,7,22.75,12500.0
56,0,8,7,29.375,325000.0
184,189,7,4,21.714285714285715,100000.0
75,50,7,5,22.714285714285715,25000.0
103,68,7,6,28.142857142857142,250000.0
53,81,7,5,27.142857142857142,250000.0
174,0,7,7,27.0,900000.0
0,0,7,7,29.857142857142858,0.0
80,0,7,7,25.714285714285715,150000.0
0,188,7,7,25.142857142857142,75000.0
87,77,7,6,27.857142857142858,450000.0
189,12,7,6,24.285714285714285,100000.0
0,77,7,7,24.428571428571427,100000.0
136,106,7,7,23.142857142857142,0.0
12,0,7,7,28.142857142857142,300000.0
0,147,7,6,21.714285714285715,0.0
0,218,7,7,29.142857142857142,200000.0
189,184,6,5,21.833333333333332,200000.0
120,12,6,4,23.333333333333332,225000.0
147,0,6,5,24.5,112500.0
10,0,6,6,26.333333333333332,100000.0
0,185,6,6,26.333333333333332,137500.0
0,56,6,6,27.0,175000.0
0,68,6,6,28.166666666666668,225000.0
79,79,6,3,25.166666666666668,0.0
159,0,6,3,27.666666666666668,150000.0
34,0,6,6,28.0,450000.0
0,155,6,6,23.666666666666668,25000.0
0,148,6,5,31.166666666666668,75000.0
0,34,6,6,28.333333333333332,650000.0
68,103,6,5,30.5,225000.0
0,140,6,6,20.166666666666668,50000.0
116,116,6,2,20.166666666666668,37500.0
0,24,6,6,26.0,100000.0
0,125,6,5,26.833333333333332,0.0
50,189,6,5,21.833333333333332,650000.0
94,94,6,1,19.5,175000.0
184,147,5,2,23.0,350000.0
3,3,5,2,22.0,250000.0
12,87,5,3,25.8,350000.0
50,56,5,5,25.8,400000.0
50,75,5,4,23.0,300000.0
157,136,5,5,23.6,50000.0
87,0,5,4,25.2,275000.0
0,92,5,5,24.6,75000.0
0,180,5,4,25.0,150000.0
189,19,5,5,25.0,300000.0
0,87,5,5,28.2,300000.0
125,0,5,3,31.8,0.0
215,34,5,5,27.0,800000.0
73,0,5,3,28.8,0.0
0,39,5,5,25.6,100000.0
136,68,5,5,26.4,150000.0
135,0,5,4,28.8,200000.0
67,189,5,5,29.4,200000.0
242,242,5,2,22.0,50000.0
67,157,5,3,29.6,200000.0
12,189,5,4,20.4,200000.0
18,141,5,5,24.8,250000.0
167,134,5,5,29.2,0.0
155,106,5,4,23.4,100000.0
56,67,5,5,28.6,400000.0
40,106,5,3,24.2,275000.0
147,87,5,5,27.4,400000.0
67,103,5,4,29.2,325000.0
215,0,5,4,28.4,200000.0
136,157,5,4,22.8,1300000.0
50,148,5,4,23.6,300000.0
77,87,5,5,26.0,300000.0
110,184,5,4,23.4,550000.0
50,136,5,5,20.2,150000.0
189,40,5,3,26.2,3000000.0
26,167,5,5,26.0,0.0
125,34,5,3,26.2,300000.0
71,0,5,5,25.6,300000.0
157,110,5,3,31.4,800000.0
75,140,5,5,25.0,200000.0
19,0,5,5,25.4,400000.0
74,0,5,5,26.6,400000.0
141,81,4,4,26.0,600000.0
136,50,4,3,21.0,575000.0
62,184,4,3,19.0,0.0
182,184,4,2,24.0,212500.0
79,167,4,4,27.5,137500.0
67,68,4,4,32.0,350000.0
77,0,4,4,20.75,0.0
0,159,4,3,26.5,125000.0
0,216,4,4,21.75,25000.0
38,38,4,3,18.25,0.0
216,180,4,3,28.25,250000.0
39,125,4,3,22.75,400000.0
54,106,4,2,25.75,112500.0
215,81,4,4,27.75,500000.0
90,90,4,2,26.0,0.0
98,0,4,4,28.5,62500.0
179,0,4,3,32.75,150000.0
2,0,4,4,22.75,62500.0
188,67,4,4,33.0,350000.0
106,68,4,4,27.5,125000.0
107,67,4,3,27.5,450000.0
67,16,4,4,29.5,37500.0
18,0,4,4,22.75,112500.0
103,167,4,4,30.0,187500.0
50,174,4,4,26.5,975000.0
54,54,4,3,21.25,50000.0
50,184,4,4,21.75,0.0
157,184,4,3,25.5,2000000.0
190,67,4,3,30.75,350000.0
142,142,4,1,26.5,0.0
147,39,4,4,22.0,57500.0
147,184,4,1,24.5,350000.0
26,0,4,4,26.25,50000.0
81,53,4,3,29.25,275000.0
147,125,4,4,23.5,162500.0
12,167,4,4,26.5,100000.0
157,106,4,4,25.75,100000.0
157,103,4,4,29.0,675000.0
185,0,4,4,27.75,112500.0
9,23,4,4,23.25,225000.0
159,67,4,3,26.0,250000.0
71,167,4,4,28.5,187500.0
74,67,4,4,28.25,425000.0
34,183,4,4,26.75,700000.0
136,188,4,2,25.0,775000.0
136,75,4,4,22.5,0.0
136,184,4,3,21.0,100000.0
37,0,4,3,25.25,25000.0
190,184,4,3,22.5,250000.0
0,37,3,2,20.0,0.0
0,49,3,3,24.666666666666668,100000.0
0,33,3,3,26.0,0.0
0,16,3,3,31.333333333333332,200000.0
0,164,3,3,27.0,0.0
0,126,3,3,25.333333333333332,100000.0
67,167,3,3,29.666666666666668,325000.0
67,188,3,3,32.333333333333336,500000.0
140,0,3,3,23.0,200000.0
136,67,3,2,33.0,500000.0
33,0,3,1,28.0,300000.0
26,106,3,2,25.666666666666668,0.0
140,141,3,1,24.0,550000.0
140,34,3,3,28.0,1000000.0
135,34,3,3,28.666666666666668,550000.0
39,0,3,3,27.0,300000.0
37,103,3,3,26.333333333333332,400000.0
134,103,3,3,24.666666666666668,100000.0
127,40,3,3,22.0,800000.0
0,13,3,3,26.0,200000.0
68,134,3,3,24.333333333333332,75000.0
68,67,3,3,32.0,400000.0
67,190,3,3,31.333333333333332,300000.0
75,49,3,1,21.666666666666668,100000.0
216,0,3,3,21.333333333333332,10000.0
165,180,3,2,25.0,350000.0
165,68,3,2,22.666666666666668,150000.0
157,174,3,3,29.666666666666668,1500000.0
157,179,3,2,22.0,500000.0
18,180,3,3,25.666666666666668,150000.0
114,114,3,2,23.0,0.0
110,157,3,2,32.0,800000.0
50,122,3,3,21.666666666666668,350000.0
77,40,3,3,19.333333333333332,0.0
75,136,3,3,21.0,50000.0
188,174,3,3,22.333333333333332,300000.0
188,136,3,2,25.0,750000.0
187,135,3,1,22.333333333333332,0.0
187,159,3,3,20.333333333333332,0.0
9,106,3,2,28.333333333333332,150000.0
9,0,3,3,23.666666666666668,250000.0
12,103,3,3,26.666666666666668,400000.0
3,0,3,3,27.666666666666668,100000.0
184,182,3,1,25.0,175000.0
184,157,3,2,25.333333333333332,2500000.0
12,106,3,3,22.333333333333332,0.0
106,216,3,3,22.333333333333332,10000.0
24,215,3,3,24.0,300000.0
24,68,3,3,26.666666666666668,350000.0
24,0,3,3,28.0,50000.0
153,167,3,3,21.666666666666668,125000.0
148,184,3,3,26.333333333333332,100000.0
155,0,3,3,22.0,250000.0
167,77,3,3,23.0,400000.0
174,90,3,1,26.666666666666668,0.0
19,67,3,3,29.0,400000.0
173,0,3,3,31.666666666666668,400000.0
16,67,3,2,30.333333333333332,0.0
106,40,3,2,24.333333333333332,200000.0
106,75,3,3,24.333333333333332,200000.0
50,215,3,3,26.666666666666668,400000.0
50,188,3,2,20.666666666666668,0.0
104,67,3,1,29.333333333333332,0.0
50,167,3,3,29.666666666666668,150000.0
22,67,3,1,23.666666666666668,150000.0
19,122,3,3,17.333333333333332,0.0
40,189,3,3,26.666666666666668,10000000.0
121,121,3,1,17.333333333333332,0.0
122,189,3,3,21.666666666666668,400000.0
114,164,3,3,25.666666666666668,0.0
122,68,3,3,28.333333333333332,650000.0
40,77,3,3,22.333333333333332,50000.0
122,12,3,2,24.0,250000.0
148,50,3,2,22.666666666666668,300000.0
141,189,3,2,21.0,1250000.0
141,215,3,3,25.0,900000.0
146,0,3,3,25.666666666666668,500000.0
39,74,3,3,27.333333333333332,400000.0
39,122,3,2,24.0,150000.0
83,184,3,3,23.333333333333332,450000.0
83,9,3,3,21.333333333333332,0.0
81,218,3,3,29.666666666666668,300000.0
80,185,3,2,25.333333333333332,125000.0
67,142,3,1,30.333333333333332,0.0
13,103,3,3,31.0,300000.0
13,81,3,3,28.666666666666668,500000.0
179,157,3,2,21.333333333333332,750000.0
179,9,3,3,23.666666666666668,250000.0
178,0,3,3,26.333333333333332,200000.0
177,77,3,2,28.333333333333332,700000.0
56,106,3,2,23.333333333333332,150000.0
92,0,3,3,24.0,100000.0
92,98,3,2,23.333333333333332,250000.0
92,106,3,2,25.333333333333332,50000.0
50,173,3,2,22.333333333333332,0.0
92,18,3,3,23.333333333333332,200000.0
90,174,3,1,25.333333333333332,0.0
136,10,3,3,23.0,50000.0
136,13,3,3,26.333333333333332,300000.0
0,98,3,3,24.333333333333332,75000.0
215,87,3,3,28.666666666666668,750000.0
0,110,3,3,23.0,300000.0
0,73,3,3,29.333333333333332,0.0
215,24,3,3,23.333333333333332,350000.0
9,179,3,3,23.333333333333332,200000.0
184,136,3,2,21.666666666666668,175000.0
180,71,3,3,26.0,700000.0
184,110,3,3,21.0,0.0
183,0,3,3,29.0,800000.0
56,188,3,3,27.333333333333332,300000.0
56,189,3,3,23.666666666666668,25000.0
87,103,3,3,28.0,100000.0
189,147,3,3,21.666666666666668,150000.0
189,80,3,3,22.0,0.0
0,215,3,3,21.0,0.0
189,56,3,3,25.333333333333332,800000.0
189,75,3,3,25.0,9000000.0
67,119,3,3,29.666666666666668,150000.0
125,147,3,2,24.0,250000.0
125,184,3,3,27.333333333333332,250000.0
124,136,3,3,18.333333333333332,0.0
142,67,3,1,30.0,0.0
141,140,3,1,24.0,550000.0
28,141,3,3,25.333333333333332,150000.0
216,215,3,3,23.0,150000.0
216,87,2,2,21.5,125000.0
73,184,2,1,22.5,130000.0
72,0,2,2,24.5,87500.0
72,184,2,2,25.0,50000.0
70,78,2,2,26.5,50000.0
74,185,2,2,30.5,312500.0
74,75,2,1,26.0,1550000.0
74,77,2,1,25.0,362500.0
73,147,2,1,24.5,25000.0
75,67,2,1,35.0,50000.0
67,107,2,1,32.5,225000.0
67,136,2,2,34.0,400000.0
67,75,2,1,35.5,62500.0
67,98,2,2,33.5,187500.0
189,50,2,2,29.0,2750000.0
189,72,2,2,19.5,0.0
0,174,2,2,27.5,1000000.0
0,176,2,1,20.0,0.0
75,148,2,2,24.0,350000.0
77,153,2,2,21.5,62500.0
77,167,2,2,27.0,375000.0
77,67,2,2,24.5,450000.0
77,103,2,2,26.0,200000.0
78,103,2,1,29.0,100000.0
77,106,2,2,25.5,125000.0
67,159,2,2,26.0,325000.0
189,28,2,2,26.0,100000.0
188,146,2,2,24.5,500000.0
87,167,2,2,26.5,362500.0
77,12,2,2,27.0,362500.0
75,157,2,2,25.5,350000.0
75,189,2,2,27.0,4600000.0
76,0,2,2,18.5,0.0
75,106,2,2,22.5,62500.0
2,2,2,2,23.0,50000.0
12,80,2,2,23.0,275000.0
3,80,2,2,25.0,200000.0
188,81,2,2,26.5,550000.0
9,44,2,1,22.5,375000.0
9,67,2,1,31.0,525000.0
9,103,2,1,24.0,500000.0
9,133,2,1,25.0,512500.0
34,218,2,2,30.0,175000.0
141,13,2,2,28.5,450000.0
141,18,2,2,25.5,300000.0
141,40,2,1,30.5,3750000.0
140,146,2,2,27.5,925000.0
140,188,2,2,29.0,187500.0
140,81,2,2,29.0,700000.0
140,87,2,2,29.0,425000.0
37,67,2,2,29.5,200000.0
135,187,2,1,23.0,200000.0
135,188,2,2,24.5,350000.0
39,24,2,2,27.5,400000.0
26,218,2,1,24.5,225000.0
140,112,2,2,26.0,200000.0
140,135,2,2,24.5,250000.0
140,67,2,2,29.0,475000.0
127,0,2,2,26.5,25000.0
126,0,2,2,29.0,100000.0
134,68,2,2,24.0,37500.0
133,9,2,1,25.5,687500.0
133,23,2,2,27.5,375000.0
38,155,2,2,23.0,0.0
37,155,2,1,24.5,750000.0
37,40,2,1,23.5,875000.0
34,180,2,2,29.0,450000.0
33,103,2,1,26.0,75000.0
33,167,2,1,31.0,175000.0
33,184,2,2,23.0,262500.0
133,0,2,2,25.5,250000.0
127,135,2,1,25.0,375000.0
127,172,2,2,27.5,87500.0
132,26,2,1,22.0,325000.0
40,134,2,2,30.0,0.0
40,39,2,2,26.0,387500.0
24,37,2,2,23.0,537500.0
146,167,2,2,29.0,275000.0
146,81,2,2,32.0,275000.0
146,140,2,2,29.0,550000.0
148,0,2,2,30.0,25000.0
147,74,2,1,25.5,775000.0
125,179,2,1,19.0,87500.0
40,80,2,2,24.0,62500.0
39,177,2,1,25.5,400000.0
39,184,2,2,19.5,137500.0
39,189,2,2,23.5,5000.0
40,37,2,2,25.5,900000.0
40,87,2,2,26.0,312500.0
40,122,2,2,22.0,275000.0
141,114,2,1,25.5,0.0
125,39,2,2,22.5,325000.0
125,53,2,1,22.5,275000.0
49,0,2,2,30.5,150000.0
49,40,2,2,31.0,250000.0
49,75,2,1,21.5,150000.0
39,134,2,2,29.0,0.0
39,147,2,2,22.5,50000.0
140,106,2,2,27.5,237500.0
33,81,2,2,28.5,675000.0
31,10,2,2,20.0,0.0
28,190,2,2,22.5,225000.0
28,56,2,2,26.5,525000.0
28,81,2,2,25.5,325000.0
28,106,2,2,26.5,275000.0
142,0,2,2,31.5,100000.0
40,184,2,2,22.5,112500.0
44,9,2,1,23.0,550000.0
167,87,2,2,28.0,225000.0
154,37,2,2,20.0,275000.0
148,189,2,2,19.5,375000.0
148,140,2,1,30.0,100000.0
148,157,2,2,29.0,650000.0
148,167,2,2,26.5,100000.0
120,218,2,2,22.5,112500.0
40,174,2,2,30.0,1125000.0
122,184,2,2,24.5,975000.0
122,137,2,2,27.0,700000.0
122,87,2,1,29.5,975000.0
122,28,2,2,23.0,375000.0
122,39,2,2,21.5,550000.0
47,80,2,1,20.5,62500.0
40,67,2,2,28.0,75000.0
119,0,2,2,30.0,100000.0
119,104,2,1,28.5,75000.0
119,119,2,1,21.5,0.0
120,106,2,2,23.0,100000.0
122,40,2,2,22.5,300000.0
122,56,2,2,22.5,100000.0
120,184,2,2,18.5,50000.0
147,75,2,1,18.5,100000.0
146,146,2,2,31.0,112500.0
26,132,2,1,21.5,325000.0
26,159,2,1,26.0,37500.0
26,87,2,2,24.0,1125000.0
147,189,2,2,19.0,75000.0
28,2,2,1,24.0,275000.0
28,24,2,2,28.0,325000.0
50,140,2,2,27.0,375000.0
157,147,2,2,21.0,12500.0
157,77,2,2,25.5,50000.0
157,80,2,1,20.0,50000.0
157,50,2,2,26.0,500000.0
167,34,2,2,31.5,487500.0
164,164,2,2,22.5,62500.0
163,163,2,1,27.0,0.0
49,106,2,2,23.0,162500.0
49,120,2,2,22.0,75000.0
50,12,2,1,27.0,1750000.0
112,140,2,2,26.0,150000.0
50,107,2,2,24.5,800000.0
50,112,2,2,27.0,550000.0
50,40,2,2,16.5,50000.0
50,134,2,2,24.0,0.0
155,67,2,1,31.5,250000.0
155,81,2,2,27.0,350000.0
24,81,2,2,28.5,250000.0
24,140,2,2,23.5,75000.0
40,141,2,2,26.0,1325000.0
40,167,2,2,26.5,37500.0
110,0,2,2,29.5,900000.0
106,100,2,2,24.5,105000.0
155,127,2,2,24.0,287500.0
155,34,2,2,21.0,125000.0
154,0,2,2,25.0,100000.0
23,81,2,2,26.0,412500.0
23,106,2,2,24.5,62500.0
23,167,2,2,26.0,525000.0
157,28,2,2,22.5,0.0
155,37,2,1,26.0,700000.0
23,34,2,1,26.5,475000.0
173,146,2,1,30.5,0.0
173,50,2,2,18.5,0.0
172,215,2,1,21.5,0.0
168,134,2,1,23.0,0.0
16,0,2,2,33.5,175000.0
174,50,2,2,29.0,737500.0
174,67,2,2,29.0,425000.0
106,26,2,2,27.5,87500.0
106,28,2,2,27.5,275000.0
53,0,2,2,27.5,150000.0
13,19,2,2,26.0,400000.0
13,53,2,2,28.0,300000.0
167,185,2,2,27.5,325000.0
167,218,2,2,30.5,0.0
22,167,2,2,25.5,0.0
100,0,2,2,24.5,150000.0
100,106,2,2,28.5,50000.0
99,81,2,2,26.5,250000.0
106,54,2,1,28.5,125000.0
106,56,2,2,24.5,175000.0
106,15,2,2,27.0,162500.0
106,23,2,2,25.0,0.0
50,190,2,2,20.0,175000.0
164,34,2,1,23.5,150000.0
22,22,2,1,19.0,25000.0
19,189,2,2,25.5,1375000.0
19,135,2,1,28.5,1000000.0
167,68,2,2,27.0,125000.0
50,99,2,2,27.0,250000.0
103,33,2,1,28.5,175000.0
103,67,2,2,29.5,500000.0
179,125,2,1,19.0,100000.0
178,178,2,2,23.0,250000.0
178,67,2,2,30.5,375000.0
177,37,2,2,22.0,300000.0
12,218,2,2,25.5,0.0
180,0,2,2,28.5,150000.0
180,10,2,2,29.0,162500.0
180,92,2,1,20.5,250000.0
56,136,2,2,23.0,475000.0
56,40,2,1,22.5,1125000.0
56,68,2,2,26.0,350000.0
12,77,2,2,22.5,425000.0
177,81,2,2,27.0,1000000.0
174,157,2,2,23.5,1150000.0
174,189,2,2,24.5,7125000.0
19,13,2,2,25.0,487500.0
95,95,2,1,17.5,0.0
96,0,2,2,29.0,237500.0
92,180,2,1,20.0,125000.0
54,147,2,1,22.5,0.0
98,215,2,2,23.5,100000.0
98,34,2,2,22.0,75000.0
98,81,2,2,25.0,450000.0
98,92,2,2,23.0,225000.0
19,40,2,2,25.5,375000.0
18,92,2,2,23.0,150000.0
18,98,2,1,23.5,150000.0
53,13,2,2,26.0,187500.0
90,98,2,1,20.5,37500.0
89,89,2,1,19.0,0.0
67,25,2,1,26.5,187500.0
67,40,2,2,31.0,162500.0
184,122,2,2,24.5,150000.0
184,134,2,2,23.0,0.0
182,83,2,1,22.0,100000.0
9,136,2,1,21.5,2375000.0
12,120,2,1,25.5,200000.0
12,122,2,1,21.0,375000.0
12,49,2,2,22.5,250000.0
12,50,2,1,27.0,1500000.0
66,184,2,1,20.0,37500.0
188,157,2,2,33.0,425000.0
9,33,2,2,23.0,137500.0
180,165,2,2,27.5,425000.0
180,215,2,2,25.5,275000.0
180,216,2,2,28.0,175000.0
182,33,2,1,24.5,325000.0
184,83,2,2,24.5,850000.0
83,133,2,2,24.5,100000.0
83,182,2,2,20.5,100000.0
81,141,2,2,28.0,425000.0
87,184,2,2,23.5,450000.0
87,215,2,2,28.5,487500.0
87,12,2,2,28.5,200000.0
87,34,2,2,28.0,600000.0
66,106,2,1,28.5,187500.0
15,70,2,2,26.0,250000.0
15,103,2,1,25.5,312500.0
15,106,2,1,30.0,137500.0
15,15,2,2,24.5,0.0
54,159,2,2,21.5,87500.0
54,184,2,2,21.5,125000.0
81,0,2,2,29.5,262500.0
67,147,2,2,26.5,300000.0
218,0,2,2,28.5,262500.0
0,44,2,2,22.0,25000.0
70,163,2,1,29.5,125000.0
240,240,2,1,23.5,0.0
218,34,2,2,26.0,262500.0
218,164,2,2,29.0,75000.0
0,105,2,2,18.0,0.0
75,74,2,1,26.5,1250000.0
190,122,2,2,27.0,425000.0
67,56,2,2,31.5,300000.0
0,18,2,2,27.5,25000.0
0,22,2,1,26.0,150000.0
0,5,2,2,25.5,100000.0
215,136,2,2,24.0,1000000.0
0,53,2,2,26.0,200000.0
0,31,2,1,23.0,0.0
189,185,2,2,18.5,0.0
189,141,2,2,21.0,625000.0
0,133,2,2,24.5,312500.0
0,135,2,2,32.0,200000.0
189,266,2,2,24.0,0.0
0,163,2,1,28.5,100000.0
0,142,2,2,24.5,37500.0
191,189,2,2,22.0,12500.0
0,179,2,2,32.0,187500.0
0,182,2,2,26.5,225000.0
0,242,2,2,16.5,0.0
0,187,2,2,19.0,0.0
189,154,2,2,21.5,0.0
189,103,2,2,22.5,0.0
189,122,2,2,21.5,125000.0
189,174,2,2,28.0,2900000.0
136,87,2,1,26.0,850000.0
136,99,2,2,25.0,0.0
137,137,2,1,26.0,275000.0
140,19,2,2,22.0,175000.0
137,67,2,2,31.5,462500.0
136,185,2,1,30.0,525000.0
36,184,2,1,21.0,137500.0
34,103,2,2,31.0,600000.0
215,174,2,2,22.5,550000.0
215,178,2,2,20.5,50000.0
216,106,2,2,27.5,87500.0
33,9,2,2,27.0,400000.0
136,56,2,2,22.0,600000.0
136,135,2,2,26.5,375000.0
136,146,2,2,25.5,400000.0
136,167,2,2,26.5,100000.0
193,193,2,1,20.5,0.0
208,125,2,2,25.0,150000.0
0,74,2,2,29.5,400000.0
0,81,2,2,29.5,875000.0
0,90,2,1,27.0,100000.0
0,94,2,2,23.0,50000.0
0,72,2,2,30.0,250000.0
215,172,2,1,20.0,0.0
74,167,2,2,30.5,225000.0
68,165,2,2,23.5,87500.0
68,0,2,2,34.5,100000.0
218,178,2,1,33.5,400000.0
0,71,2,2,27.5,37500.0
215,18,2,2,24.0,600000.0
215,39,2,1,26.0,1050000.0
215,67,2,1,29.0,225000.0
268,134,1,1,19.0,0.0
0,2,1,1,25.0,350000.0
0,3,1,1,29.0,150000.0
0,9,1,1,27.0,1000000.0
0,11,1,1,18.0,0.0
0,17,1,1,16.0,0.0
0,19,1,1,26.0,250000.0
0,25,1,1,16.0,0.0
0,26,1,1,24.0,0.0
0,101,1,1,22.0,0.0
0,107,1,1,18.0,0.0
0,109,1,1,19.0,0.0
0,112,1,1,21.0,0.0
215,79,1,1,26.0,200000.0
215,80,1,1,31.0,400000.0
215,90,1,1,22.0,75000.0
215,98,1,1,22.0,400000.0
0,54,1,1,20.0,50000.0
0,58,1,1,22.0,0.0
0,62,1,1,21.0,125000.0
0,66,1,1,26.0,250000.0
0,78,1,1,18.0,0.0
0,79,1,1,24.0,0.0
0,83,1,1,27.0,300000.0
0,100,1,1,20.0,150000.0
193,173,1,1,40.0,0.0
193,176,1,1,24.0,0.0
208,136,1,1,25.0,300000.0
208,208,1,1,18.0,0.0
215,10,1,1,24.0,300000.0
215,19,1,1,20.0,100000.0
215,54,1,1,22.0,75000.0
215,74,1,1,28.0,500000.0
190,157,1,1,27.0,4000000.0
190,177,1,1,26.0,400000.0
190,180,1,1,26.0,600000.0
190,218,1,1,23.0,0.0
191,0,1,1,28.0,50000.0
191,134,1,1,30.0,25000.0
192,13,1,1,28.0,100000.0
192,189,1,1,30.0,25000.0
74,165,1,1,29.0,300000.0
74,184,1,1,21.0,0.0
74,190,1,1,30.0,350000.0
74,215,1,1,28.0,500000.0
75,13,1,1,26.0,300000.0
75,34,1,1,23.0,800000.0
75,39,1,1,19.0,100000.0
75,56,1,1,22.0,500000.0
74,37,1,1,29.0,350000.0
74,39,1,1,25.0,600000.0
74,53,1,1,23.0,175000.0
74,87,1,1,28.0,275000.0
74,123,1,1,18.0,0.0
74,140,1,1,26.0,350000.0
74,147,1,1,26.0,400000.0
74,154,1,1,35.0,50000.0
72,189,1,1,18.0,0.0
73,67,1,1,31.0,175000.0
73,87,1,1,23.0,125000.0
73,134,1,1,24.0,10000.0
73,177,1,1,24.0,400000.0
74,12,1,1,28.0,350000.0
74,23,1,1,27.0,450000.0
74,34,1,1,30.0,500000.0
71,73,1,1,21.0,150000.0
71,77,1,1,28.0,1500000.0
71,87,1,1,24.0,75000.0
71,126,1,1,23.0,200000.0
71,137,1,1,28.0,350000.0
71,165,1,1,23.0,450000.0
71,177,1,1,28.0,700000.0
72,72,1,1,18.0,0.0
75,125,1,1,21.0,25000.0
75,127,1,1,24.0,500000.0
75,147,1,1,19.0,150000.0
75,155,1,1,24.0,0.0
75,167,1,1,21.0,100000.0
75,173,1,1,22.0,100000.0
75,179,1,1,20.0,100000.0
75,184,1,1,19.0,25000.0
68,110,1,1,32.0,400000.0
68,119,1,1,28.0,200000.0
68,141,1,1,26.0,275000.0
68,153,1,1,20.0,0.0
68,185,1,1,28.0,125000.0
68,215,1,1,30.0,200000.0
68,218,1,1,25.0,125000.0
75,99,1,1,28.0,0.0
68,22,1,1,28.0,225000.0
68,26,1,1,24.0,125000.0
68,33,1,1,30.0,175000.0
68,72,1,1,26.0,250000.0
68,79,1,1,26.0,50000.0
68,87,1,1,21.0,200000.0
68,99,1,1,25.0,75000.0
68,106,1,1,25.0,0.0
75,80,1,1,23.0,25000.0
67,172,1,1,25.0,800000.0
67,177,1,1,25.0,550000.0
67,184,1,1,31.0,250000.0
67,185,1,1,33.0,175000.0
67,215,1,1,29.0,300000.0
67,218,1,1,31.0,400000.0
68,2,1,1,27.0,325000.0
79,22,1,1,20.0,50000.0
79,68,1,1,29.0,0.0
79,103,1,1,27.0,125000.0
79,216,1,1,28.0,200000.0
80,3,1,1,23.0,200000.0
80,40,1,1,18.0,0.0
80,47,1,1,20.0,50000.0
80,50,1,1,18.0,0.0
78,15,1,1,32.0,100000.0
78,67,1,1,26.0,75000.0
78,70,1,1,25.0,0.0
78,89,1,1,24.0,0.0
78,96,1,1,29.0,0.0
78,146,1,1,30.0,300000.0
78,167,1,1,31.0,0.0
79,0,1,1,26.0,0.0
77,74,1,1,25.0,300000.0
77,112,1,1,24.0,275000.0
77,135,1,1,22.0,0.0
77,136,1,1,20.0,0.0
77,177,1,1,29.0,800000.0
77,184,1,1,19.0,0.0
77,185,1,1,27.0,0.0
77,218,1,1,26.0,0.0
76,19,1,1,18.0,0.0
76,76,1,1,17.0,0.0
76,106,1,1,19.0,0.0
76,184,1,1,19.0,0.0
77,15,1,1,31.0,0.0
77,33,1,1,19.0,0.0
77,34,1,1,29.0,1500000.0
77,68,1,1,24.0,600000.0
80,137,1,1,28.0,200000.0
80,157,1,1,20.0,100000.0
80,163,1,1,24.0,150000.0
80,188,1,1,23.0,0.0
81,10,1,1,21.0,0.0
81,13,1,1,25.0,350000.0
81,15,1,1,29.0,500000.0
81,34,1,1,27.0,1000000.0
67,140,1,1,24.0,500000.0
67,148,1,1,29.0,600000.0
67,155,1,1,31.0,250000.0
67,165,1,1,30.0,300000.0
80,79,1,1,32.0,175000.0
80,106,1,1,23.0,75000.0
80,112,1,1,30.0,200000.0
80,122,1,1,17.0,0.0
67,79,1,1,24.0,375000.0
67,89,1,1,31.0,225000.0
67,90,1,1,31.0,275000.0
67,104,1,1,28.0,0.0
67,122,1,1,30.0,475000.0
67,125,1,1,35.0,700000.0
67,127,1,1,34.0,300000.0
67,135,1,1,35.0,250000.0
80,56,1,1,22.0,0.0
67,48,1,1,38.0,0.0
67,49,1,1,35.0,200000.0
67,50,1,1,32.0,525000.0
67,66,1,1,34.0,175000.0
67,73,1,1,32.0,175000.0
67,74,1,1,28.0,1000000.0
67,78,1,1,27.0,200000.0
87,140,1,1,30.0,450000.0
87,177,1,1,23.0,100000.0
87,216,1,1,24.0,300000.0
89,0,1,1,32.0,0.0
89,19,1,1,27.0,350000.0
89,70,1,1,30.0,0.0
56,183,1,1,28.0,2500000.0
56,184,1,1,23.0,200000.0
85,85,1,1,17.0,0.0
85,218,1,1,21.0,0.0
87,28,1,1,22.0,450000.0
87,53,1,1,32.0,350000.0
87,81,1,1,30.0,375000.0
87,106,1,1,25.0,75000.0
87,134,1,1,23.0,0.0
87,136,1,1,27.0,1000000.0
83,77,1,1,28.0,650000.0
83,80,1,1,20.0,100000.0
83,87,1,1,27.0,600000.0
83,110,1,1,29.0,350000.0
83,132,1,1,28.0,450000.0
83,167,1,1,29.0,75000.0
83,179,1,1,24.0,800000.0
83,218,1,1,25.0,100000.0
81,74,1,1,30.0,600000.0
81,92,1,1,25.0,250000.0
81,188,1,1,26.0,400000.0
82,67,1,1,20.0,0.0
82,164,1,1,30.0,0.0
83,0,1,1,28.0,300000.0
83,10,1,1,21.0,0.0
83,44,1,1,25.0,450000.0
89,167,1,1,27.0,0.0
90,67,1,1,31.0,300000.0
90,74,1,1,20.0,50000.0
90,103,1,1,24.0,75000.0
90,141,1,1,19.0,0.0
90,165,1,1,31.0,250000.0
90,180,1,1,32.0,250000.0
90,188,1,1,29.0,0.0
67,19,1,1,34.0,200000.0
67,22,1,1,26.0,175000.0
67,28,1,1,27.0,300000.0
67,37,1,1,33.0,150000.0
89,78,1,1,25.0,0.0
89,94,1,1,22.0,0.0
89,107,1,1,26.0,750000.0
89,126,1,1,26.0,100000.0
60,136,1,1,21.0,0.0
61,61,1,1,17.0,0.0
61,184,1,1,18.0,0.0
62,10,1,1,22.0,125000.0
62,50,1,1,18.0,0.0
66,103,1,1,34.0,175000.0
67,9,1,1,31.0,500000.0
67,12,1,1,34.0,150000.0
56,216,1,1,25.0,350000.0
58,53,1,1,24.0,200000.0
58,103,1,1,27.0,600000.0
58,164,1,1,30.0,150000.0
59,29,1,1,21.0,0.0
59,50,1,1,18.0,0.0
59,147,1,1,18.0,0.0
59,168,1,1,21.0,0.0
98,74,1,1,29.0,200000.0
98,87,1,1,27.0,200000.0
98,90,1,1,20.0,75000.0
98,106,1,1,29.0,225000.0
98,135,1,1,33.0,100000.0
98,140,1,1,26.0,375000.0
98,155,1,1,23.0,325000.0
98,184,1,1,20.0,0.0
96,2,1,1,24.0,100000.0
96,67,1,1,25.0,0.0
96,163,1,1,30.0,0.0
96,173,1,1,30.0,0.0
98,13,1,1,25.0,350000.0
98,18,1,1,21.0,0.0
98,28,1,1,25.0,350000.0
98,47,1,1,28.0,375000.0
92,141,1,1,22.0,250000.0
92,172,1,1,22.0,400000.0
94,0,1,1,28.0,100000.0
94,15,1,1,21.0,250000.0
94,103,1,1,29.0,150000.0
94,126,1,1,28.0,0.0
94,134,1,1,23.0,10000.0
95,147,1,1,19.0,0.0
91,91,1,1,18.0,75000.0
91,185,1,1,20.0,100000.0
91,216,1,1,25.0,75000.0
91,242,1,1,21.0,50000.0
92,26,1,1,21.0,250000.0
92,53,1,1,26.0,125000.0
92,80,1,1,23.0,225000.0
92,92,1,1,20.0,0.0
99,19,1,1,26.0,225000.0
99,50,1,1,32.0,0.0
99,99,1,1,23.0,100000.0
99,103,1,1,29.0,250000.0
99,167,1,1,25.0,125000.0
99,266,1,1,29.0,50000.0
100,3,1,1,24.0,150000.0
100,10,1,1,22.0,150000.0
56,75,1,1,23.0,750000.0
56,77,1,1,28.0,350000.0
56,80,1,1,22.0,0.0
56,87,1,1,27.0,350000.0
56,122,1,1,22.0,250000.0
56,177,1,1,22.0,150000.0
56,179,1,1,31.0,450000.0
99,0,1,1,26.0,75000.0
54,160,1,1,24.0,150000.0
54,173,1,1,19.0,0.0
54,190,1,1,18.0,100000.0
54,215,1,1,22.0,75000.0
56,12,1,1,23.0,400000.0
56,24,1,1,24.0,300000.0
56,37,1,1,28.0,3000000.0
56,49,1,1,39.0,0.0
98,185,1,1,25.0,300000.0
98,189,1,1,16.0,0.0
54,74,1,1,18.0,0.0
54,77,1,1,21.0,0.0
54,103,1,1,22.0,75000.0
54,134,1,1,26.0,25000.0
54,136,1,1,18.0,0.0
54,152,1,1,24.0,25000.0
105,85,1,1,12.0,0.0
105,107,1,1,21.0,0.0
105,173,1,1,21.0,0.0
106,3,1,1,33.0,50000.0
106,9,1,1,28.0,75000.0
106,10,1,1,24.0,200000.0
106,12,1,1,21.0,0.0
106,16,1,1,27.0,250000.0
103,78,1,1,29.0,100000.0
103,87,1,1,25.0,75000.0
103,110,1,1,26.0,500000.0
103,134,1,1,23.0,100000.0
103,189,1,1,30.0,0.0
103,242,1,1,23.0,75000.0
104,167,1,1,26.0,50000.0
104,215,1,1,29.0,200000.0
103,9,1,1,24.0,500000.0
103,12,1,1,29.0,350000.0
103,15,1,1,26.0,325000.0
103,16,1,1,27.0,50000.0
103,24,1,1,26.0,50000.0
103,26,1,1,33.0,0.0
103,34,1,1,26.0,275000.0
103,71,1,1,24.0,75000.0
100,67,1,1,27.0,300000.0
100,81,1,1,32.0,300000.0
100,110,1,1,20.0,175000.0
100,215,1,1,19.0,75000.0
100,216,1,1,28.0,150000.0
101,146,1,1,29.0,250000.0
101,167,1,1,25.0,0.0
101,249,1,1,18.0,0.0
106,67,1,1,25.0,250000.0
106,77,1,1,30.0,250000.0
106,80,1,1,29.0,200000.0
106,87,1,1,30.0,100000.0
106,92,1,1,25.0,250000.0
106,98,1,1,29.0,150000.0
106,99,1,1,29.0,100000.0
106,108,1,1,25.0,150000.0
53,135,1,1,18.0,50000.0
53,146,1,1,34.0,300000.0
53,177,1,1,21.0,250000.0
53,180,1,1,32.0,275000.0
53,184,1,1,24.0,125000.0
53,188,1,1,20.0,500000.0
53,218,1,1,32.0,125000.0
54,59,1,1,19.0,0.0
52,52,1,1,22.0,0.0
52,134,1,1,24.0,0.0
52,149,1,1,23.0,0.0
53,34,1,1,28.0,200000.0
53,58,1,1,25.0,100000.0
53,74,1,1,23.0,175000.0
53,125,1,1,23.0,450000.0
53,134,1,1,26.0,0.0
106,18,1,1,31.0,0.0
106,34,1,1,31.0,300000.0
106,50,1,1,34.0,150000.0
106,66,1,1,29.0,250000.0
50,172,1,1,19.0,0.0
50,185,1,1,26.0,0.0
51,51,1,1,19.0,0.0
51,173,1,1,19.0,0.0
110,33,1,1,28.0,300000.0
110,56,1,1,32.0,500000.0
110,80,1,1,21.0,350000.0
110,100,1,1,21.0,175000.0
110,103,1,1,27.0,1000000.0
110,132,1,1,30.0,300000.0
110,134,1,1,21.0,0.0
110,167,1,1,27.0,0.0
107,146,1,1,27.0,500000.0
107,157,1,1,23.0,150000.0
107,183,1,1,24.0,0.0
108,0,1,1,25.0,0.0
109,0,1,1,20.0,0.0
110,12,1,1,27.0,1500000.0
110,20,1,1,18.0,0.0
110,26,1,1,30.0,350000.0
106,215,1,1,28.0,250000.0
106,244,1,1,27.0,300000.0
107,10,1,1,22.0,0.0
107,28,1,1,26.0,375000.0
107,34,1,1,30.0,450000.0
107,89,1,1,25.0,750000.0
107,106,1,1,23.0,50000.0
107,125,1,1,25.0,300000.0
106,127,1,1,23.0,350000.0
106,133,1,1,26.0,300000.0
106,135,1,1,23.0,300000.0
106,146,1,1,27.0,50000.0
106,148,1,1,20.0,100000.0
106,155,1,1,21.0,50000.0
106,157,1,1,21.0,125000.0
106,192,1,1,27.0,150000.0
112,141,1,1,27.0,1000000.0
112,160,1,1,25.0,400000.0
112,178,1,1,26.0,400000.0
113,50,1,1,18.0,0.0
114,0,1,1,23.0,0.0
114,134,1,1,21.0,0.0
114,141,1,1,25.0,0.0
116,0,1,1,22.0,0.0
50,34,1,1,31.0,500000.0
50,74,1,1,25.0,2000000.0
50,77,1,1,30.0,150000.0
50,81,1,1,25.0,0.0
50,106,1,1,30.0,100000.0
50,125,1,1,21.0,0.0
50,126,1,1,25.0,0.0
50,146,1,1,29.0,1000000.0
112,77,1,1,24.0,350000.0
112,81,1,1,32.0,200000.0
112,135,1,1,24.0,250000.0
49,87,1,1,30.0,350000.0
49,125,1,1,28.0,100000.0
49,180,1,1,26.0,150000.0
49,185,1,1,25.0,325000.0
50,28,1,1,23.0,150000.0
110,182,1,1,24.0,400000.0
110,218,1,1,33.0,400000.0
110,244,1,1,26.0,300000.0
112,0,1,1,22.0,100000.0
112,18,1,1,21.0,100000.0
112,34,1,1,29.0,350000.0
112,50,1,1,21.0,550000.0
112,56,1,1,22.0,150000.0
122,167,1,1,30.0,350000.0
122,174,1,1,22.0,350000.0
122,177,1,1,24.0,400000.0
122,178,1,1,26.0,650000.0
122,188,1,1,24.0,200000.0
122,190,1,1,28.0,550000.0
123,59,1,1,19.0,0.0
124,0,1,1,18.0,0.0
122,98,1,1,26.0,275000.0
122,99,1,1,23.0,0.0
122,125,1,1,27.0,2000000.0
122,136,1,1,22.0,100000.0
122,140,1,1,26.0,450000.0
122,146,1,1,28.0,700000.0
122,147,1,1,25.0,500000.0
122,157,1,1,23.0,350000.0
120,189,1,1,20.0,0.0
121,92,1,1,19.0,0.0
122,19,1,1,31.0,2000000.0
122,50,1,1,21.0,125000.0
122,67,1,1,30.0,500000.0
122,75,1,1,23.0,1000000.0
122,77,1,1,30.0,800000.0
122,92,1,1,21.0,0.0
116,103,1,1,26.0,125000.0
116,164,1,1,27.0,150000.0
116,167,1,1,25.0,100000.0
117,0,1,1,26.0,75000.0
117,159,1,1,20.0,0.0
119,68,1,1,27.0,250000.0
120,0,1,1,34.0,25000.0
120,40,1,1,20.0,175000.0
124,218,1,1,19.0,0.0
125,49,1,1,25.0,400000.0
125,50,1,1,18.0,0.0
125,56,1,1,22.0,0.0
125,77,1,1,27.0,2000000.0
125,80,1,1,29.0,150000.0
125,81,1,1,29.0,300000.0
125,87,1,1,30.0,175000.0
49,73,1,1,20.0,25000.0
49,79,1,1,23.0,50000.0
49,81,1,1,23.0,450000.0
124,39,1,1,17.0,0.0
124,77,1,1,15.0,0.0
124,124,1,1,19.0,0.0
124,134,1,1,19.0,0.0
124,189,1,1,15.0,0.0
44,15,1,1,25.0,450000.0
44,80,1,1,24.0,350000.0
44,83,1,1,24.0,0.0
44,184,1,1,18.0,0.0
47,39,1,1,20.0,100000.0
47,106,1,1,28.0,225000.0
48,120,1,1,20.0,0.0
49,12,1,1,25.0,200000.0
40,148,1,1,21.0,400000.0
40,157,1,1,26.0,75000.0
40,164,1,1,28.0,0.0
40,172,1,1,17.0,0.0
40,183,1,1,29.0,2500000.0
40,188,1,1,28.0,500000.0
40,216,1,1,23.0,0.0
44,0,1,1,20.0,50000.0
126,71,1,1,22.0,0.0
126,103,1,1,23.0,0.0
126,126,1,1,33.0,200000.0
126,157,1,1,26.0,100000.0
126,163,1,1,29.0,0.0
126,167,1,1,27.0,375000.0
126,173,1,1,27.0,100000.0
127,37,1,1,25.0,500000.0
40,50,1,1,18.0,100000.0
40,56,1,1,23.0,1000000.0
40,71,1,1,28.0,2000000.0
40,99,1,1,28.0,150000.0
40,100,1,1,27.0,25000.0
40,120,1,1,20.0,0.0
40,127,1,1,21.0,50000.0
125,208,1,1,24.0,50000.0
125,177,1,1,26.0,250000.0
125,178,1,1,25.0,800000.0
39,73,1,1,29.0,250000.0
39,75,1,1,19.0,150000.0
39,140,1,1,28.0,400000.0
39,172,1,1,20.0,0.0
39,215,1,1,27.0,600000.0
40,19,1,1,24.0,600000.0
125,110,1,1,21.0,300000.0
125,122,1,1,28.0,1500000.0
125,134,1,1,25.0,0.0
125,135,1,1,27.0,500000.0
125,137,1,1,25.0,100000.0
125,157,1,1,20.0,0.0
125,167,1,1,22.0,150000.0
125,174,1,1,23.0,400000.0
134,153,1,1,27.0,200000.0
134,165,1,1,21.0,75000.0
134,167,1,1,25.0,150000.0
134,168,1,1,22.0,0.0
134,174,1,1,25.0,125000.0
134,189,1,1,24.0,25000.0
134,242,1,1,22.0,50000.0
135,19,1,1,28.0,700000.0
133,75,1,1,17.0,0.0
133,83,1,1,26.0,175000.0
133,184,1,1,26.0,350000.0
134,10,1,1,23.0,50000.0
134,12,1,1,23.0,125000.0
134,98,1,1,29.0,75000.0
134,106,1,1,28.0,200000.0
134,116,1,1,26.0,50000.0
132,68,1,1,31.0,150000.0
132,83,1,1,27.0,1000000.0
132,87,1,1,25.0,350000.0
132,110,1,1,29.0,350000.0
132,167,1,1,20.0,0.0
132,179,1,1,24.0,325000.0
133,3,1,1,25.0,275000.0
133,34,1,1,31.0,350000.0
127,67,1,1,31.0,250000.0
127,68,1,1,27.0,300000.0
127,75,1,1,22.0,900000.0
127,167,1,1,33.0,900000.0
127,178,1,1,23.0,325000.0
127,184,1,1,25.0,0.0
130,184,1,1,17.0,0.0
132,23,1,1,24.0,0.0
39,37,1,1,30.0,500000.0
39,47,1,1,19.0,25000.0
39,67,1,1,30.0,400000.0
135,106,1,1,22.0,400000.0
135,114,1,1,23.0,0.0
135,122,1,1,29.0,600000.0
135,125,1,1,26.0,250000.0
135,127,1,1,25.0,300000.0
37,157,1,1,22.0,100000.0
37,177,1,1,24.0,100000.0
37,184,1,1,20.0,0.0
38,19,1,1,19.0,0.0
38,50,1,1,19.0,50000.0
38,112,1,1,20.0,0.0
39,4,1,1,25.0,100000.0
39,19,1,1,22.0,250000.0
37,39,1,1,27.0,1500000.0
37,68,1,1,32.0,450000.0
37,74,1,1,28.0,350000.0
37,75,1,1,25.0,300000.0
37,81,1,1,26.0,700000.0
37,87,1,1,24.0,600000.0
37,136,1,1,18.0,0.0
37,154,1,1,19.0,0.0
135,49,1,1,28.0,50000.0
135,53,1,1,19.0,50000.0
135,73,1,1,24.0,200000.0
135,74,1,1,34.0,50000.0
135,98,1,1,28.0,100000.0
37,18,1,1,23.0,150000.0
37,24,1,1,29.0,450000.0
37,28,1,1,26.0,250000.0
137,80,1,1,29.0,200000.0
137,89,1,1,29.0,0.0
137,122,1,1,27.0,1100000.0
137,126,1,1,22.0,0.0
137,157,1,1,29.0,3000000.0
137,167,1,1,33.0,200000.0
137,215,1,1,27.0,275000.0
139,2,1,1,23.0,50000.0
136,177,1,1,21.0,250000.0
136,178,1,1,18.0,0.0
136,183,1,1,29.0,1000000.0
136,190,1,1,21.0,1000000.0
136,215,1,1,27.0,150000.0
137,4,1,1,22.0,350000.0
137,50,1,1,33.0,300000.0
137,71,1,1,28.0,350000.0
136,74,1,1,26.0,300000.0
136,77,1,1,22.0,0.0
136,96,1,1,23.0,0.0
136,98,1,1,23.0,0.0
136,132,1,1,22.0,0.0
136,141,1,1,19.0,50000.0
136,155,1,1,26.0,0.0
136,172,1,1,23.0,0.0
135,136,1,1,26.0,300000.0
135,157,1,1,26.0,900000.0
135,172,1,1,27.0,600000.0
135,185,1,1,21.0,0.0
136,2,1,1,23.0,100000.0
136,3,1,1,21.0,125000.0
136,9,1,1,21.0,3500000.0
136,28,1,1,23.0,0.0
140,74,1,1,30.0,400000.0
140,75,1,1,23.0,150000.0
140,78,1,1,32.0,100000.0
140,137,1,1,32.0,250000.0
140,148,1,1,30.0,150000.0
140,153,1,1,24.0,150000.0
140,167,1,1,31.0,400000.0
140,173,1,1,26.0,200000.0
34,167,1,1,30.0,1200000.0
34,215,1,1,25.0,750000.0
36,36,1,1,19.0,0.0
36,140,1,1,20.0,0.0
36,218,1,1,21.0,0.0
140,39,1,1,29.0,650000.0
140,50,1,1,21.0,150000.0
140,53,1,1,26.0,75000.0
34,77,1,1,31.0,1000000.0
34,87,1,1,32.0,500000.0
34,98,1,1,19.0,0.0
34,125,1,1,28.0,300000.0
34,133,1,1,24.0,250000.0
34,135,1,1,25.0,700000.0
34,140,1,1,32.0,525000.0
34,164,1,1,24.0,125000.0
33,106,1,1,19.0,0.0
33,153,1,1,16.0,0.0
33,157,1,1,25.0,100000.0
33,182,1,1,25.0,350000.0
34,23,1,1,26.0,450000.0
34,28,1,1,25.0,1000000.0
34,67,1,1,32.0,250000.0
34,75,1,1,24.0,700000.0
31,0,1,1,22.0,0.0
31,50,1,1,18.0,0.0
31,134,1,1,27.0,0.0
33,40,1,1,23.0,150000.0
33,77,1,1,20.0,25000.0
141,74,1,1,28.0,450000.0
141,90,1,1,20.0,50000.0
141,92,1,1,23.0,250000.0
28,180,1,1,25.0,300000.0
28,191,1,1,30.0,25000.0
29,2,1,1,18.0,0.0
29,10,1,1,29.0,0.0
29,18,1,1,21.0,0.0
29,29,1,1,17.0,0.0
29,50,1,1,18.0,0.0
29,54,1,1,17.0,0.0
28,87,1,1,29.0,1000000.0
28,103,1,1,25.0,125000.0
28,107,1,1,22.0,50000.0
28,140,1,1,24.0,550000.0
28,146,1,1,27.0,300000.0
28,165,1,1,24.0,400000.0
28,167,1,1,29.0,350000.0
28,177,1,1,27.0,600000.0
140,178,1,1,24.0,200000.0
140,218,1,1,22.0,0.0
141,0,1,1,32.0,400000.0
141,10,1,1,18.0,0.0
141,24,1,1,26.0,100000.0
141,28,1,1,23.0,300000.0
141,56,1,1,23.0,400000.0
28,67,1,1,24.0,600000.0
147,73,1,1,24.0,75000.0
147,80,1,1,30.0,250000.0
147,81,1,1,28.0,600000.0
147,112,1,1,23.0,400000.0
147,122,1,1,23.0,2000000.0
147,136,1,1,21.0,50000.0
147,146,1,1,32.0,1000000.0
147,157,1,1,21.0,50000.0
146,137,1,1,31.0,650000.0
146,163,1,1,33.0,250000.0
146,173,1,1,31.0,0.0
146,188,1,1,24.0,750000.0
147,13,1,1,25.0,200000.0
147,34,1,1,27.0,700000.0
147,54,1,1,23.0,0.0
147,67,1,1,32.0,300000.0
146,26,1,1,29.0,1300000.0
146,68,1,1,25.0,200000.0
146,74,1,1,29.0,600000.0
146,77,1,1,32.0,800000.0
146,80,1,1,34.0,0.0
146,100,1,1,25.0,300000.0
146,106,1,1,27.0,50000.0
146,136,1,1,29.0,750000.0
141,135,1,1,26.0,500000.0
141,167,1,1,30.0,1000000.0
141,184,1,1,18.0,0.0
141,190,1,1,27.0,300000.0
141,208,1,1,25.0,300000.0
142,184,1,1,23.0,0.0
146,15,1,1,27.0,0.0
146,24,1,1,28.0,350000.0
148,24,1,1,22.0,0.0
148,56,1,1,27.0,400000.0
148,70,1,1,32.0,100000.0
148,74,1,1,27.0,600000.0
148,75,1,1,21.0,50000.0
148,106,1,1,20.0,75000.0
148,122,1,1,25.0,700000.0
148,135,1,1,26.0,1250000.0
26,185,1,1,26.0,1000000.0
26,189,1,1,25.0,500000.0
27,103,1,1,20.0,0.0
27,153,1,1,15.0,0.0
27,167,1,1,31.0,150000.0
28,34,1,1,24.0,1500000.0
28,37,1,1,25.0,550000.0
28,40,1,1,19.0,0.0
26,77,1,1,25.0,400000.0
26,80,1,1,19.0,0.0
26,92,1,1,20.0,50000.0
26,134,1,1,24.0,0.0
26,137,1,1,21.0,0.0
26,146,1,1,28.0,1400000.0
26,177,1,1,25.0,0.0
26,180,1,1,26.0,0.0
147,159,1,1,28.0,800000.0
147,167,1,1,28.0,0.0
147,178,1,1,28.0,500000.0
147,185,1,1,28.0,0.0
147,188,1,1,19.0,0.0
25,159,1,1,22.0,150000.0
26,9,1,1,20.0,700000.0
26,34,1,1,29.0,1300000.0
155,24,1,1,22.0,150000.0
155,28,1,1,25.0,350000.0
155,38,1,1,28.0,0.0
155,50,1,1,24.0,0.0
155,167,1,1,23.0,0.0
155,172,1,1,20.0,200000.0
155,185,1,1,26.0,25000.0
155,215,1,1,23.0,200000.0
153,216,1,1,27.0,175000.0
154,10,1,1,20.0,150000.0
154,28,1,1,19.0,50000.0
154,98,1,1,27.0,0.0
154,140,1,1,31.0,175000.0
154,165,1,1,24.0,0.0
154,188,1,1,19.0,25000.0
155,19,1,1,24.0,500000.0
152,54,1,1,25.0,25000.0
152,92,1,1,19.0,0.0
153,68,1,1,21.0,10000.0
153,75,1,1,24.0,75000.0
153,103,1,1,24.0,100000.0
153,106,1,1,25.0,125000.0
153,125,1,1,19.0,50000.0
153,140,1,1,25.0,150000.0
148,146,1,1,26.0,1300000.0
148,168,1,1,19.0,200000.0
148,218,1,1,25.0,0.0
149,10,1,1,18.0,0.0
149,52,1,1,24.0,0.0
149,134,1,1,21.0,0.0
149,136,1,1,20.0,0.0
149,215,1,1,21.0,0.0
157,34,1,1,30.0,2000000.0
157,37,1,1,21.0,250000.0
157,40,1,1,19.0,0.0
157,68,1,1,30.0,250000.0
157,73,1,1,23.0,0.0
157,75,1,1,27.0,350000.0
157,89,1,1,25.0,100000.0
157,107,1,1,23.0,0.0
24,141,1,1,20.0,800000.0
24,148,1,1,21.0,100000.0
24,155,1,1,23.0,150000.0
24,174,1,1,19.0,50000.0
24,178,1,1,26.0,250000.0
25,0,1,1,35.0,0.0
25,25,1,1,32.0,0.0
25,67,1,1,26.0,250000.0
24,10,1,1,26.0,250000.0
24,34,1,1,30.0,50000.0
24,39,1,1,28.0,400000.0
24,56,1,1,27.0,200000.0
24,74,1,1,28.0,400000.0
24,103,1,1,25.0,50000.0
24,106,1,1,27.0,100000.0
24,137,1,1,29.0,350000.0
157,5,1,1,28.0,150000.0
157,12,1,1,30.0,400000.0
23,74,1,1,26.0,450000.0
23,134,1,1,30.0,0.0
23,157,1,1,30.0,350000.0
23,159,1,1,24.0,500000.0
23,179,1,1,29.0,350000.0
24,3,1,1,27.0,150000.0
159,187,1,1,19.0,0.0
159,188,1,1,24.0,75000.0
159,216,1,1,25.0,125000.0
160,112,1,1,25.0,0.0
160,188,1,1,25.0,400000.0
163,15,1,1,31.0,150000.0
163,67,1,1,34.0,300000.0
163,70,1,1,25.0,0.0
159,54,1,1,22.0,75000.0
159,74,1,1,22.0,600000.0
159,83,1,1,28.0,75000.0
159,117,1,1,25.0,75000.0
159,142,1,1,22.0,150000.0
159,147,1,1,27.0,400000.0
159,172,1,1,23.0,0.0
159,184,1,1,27.0,1000000.0
157,182,1,1,38.0,100000.0
157,188,1,1,30.0,700000.0
157,190,1,1,27.0,5000000.0
158,67,1,1,27.0,175000.0
159,19,1,1,25.0,500000.0
159,23,1,1,25.0,300000.0
159,26,1,1,30.0,100000.0
159,34,1,1,28.0,800000.0
157,122,1,1,26.0,1500000.0
157,134,1,1,24.0,0.0
157,135,1,1,26.0,100000.0
157,137,1,1,28.0,3000000.0
157,140,1,1,24.0,50000.0
157,141,1,1,25.0,1500000.0
157,148,1,1,27.0,700000.0
157,167,1,1,23.0,0.0
167,74,1,1,31.0,350000.0
167,78,1,1,29.0,300000.0
167,79,1,1,26.0,0.0
167,89,1,1,26.0,300000.0
19,76,1,1,19.0,0.0
19,80,1,1,27.0,150000.0
19,89,1,1,26.0,400000.0
19,98,1,1,24.0,50000.0
166,184,1,1,18.0,0.0
167,3,1,1,32.0,75000.0
167,19,1,1,21.0,700000.0
167,22,1,1,20.0,50000.0
167,26,1,1,29.0,75000.0
167,50,1,1,26.0,300000.0
167,67,1,1,27.0,250000.0
167,70,1,1,28.0,0.0
165,67,1,1,30.0,250000.0
165,81,1,1,25.0,200000.0
165,90,1,1,31.0,250000.0
165,103,1,1,26.0,600000.0
165,134,1,1,21.0,50000.0
165,146,1,1,30.0,250000.0
165,173,1,1,20.0,0.0
166,159,1,1,23.0,0.0
163,78,1,1,30.0,0.0
163,80,1,1,25.0,150000.0
163,94,1,1,27.0,0.0
163,146,1,1,32.0,250000.0
164,22,1,1,32.0,125000.0
165,16,1,1,32.0,225000.0
165,18,1,1,18.0,0.0
165,28,1,1,24.0,300000.0
167,147,1,1,31.0,500000.0
167,153,1,1,18.0,0.0
167,242,1,1,21.0,0.0
167,244,1,1,24.0,200000.0
167,249,1,1,30.0,400000.0
168,18,1,1,22.0,0.0
168,19,1,1,19.0,0.0
168,21,1,1,18.0,0.0
23,9,1,1,20.0,750000.0
23,15,1,1,20.0,150000.0
23,33,1,1,30.0,950000.0
23,67,1,1,25.0,225000.0
167,101,1,1,28.0,300000.0
167,106,1,1,25.0,0.0
167,110,1,1,26.0,0.0
167,136,1,1,21.0,0.0
20,106,1,1,18.0,0.0
21,21,1,1,19.0,0.0
21,165,1,1,18.0,0.0
21,168,1,1,20.0,0.0
22,16,1,1,20.0,50000.0
22,53,1,1,25.0,175000.0
22,68,1,1,28.0,225000.0
22,91,1,1,21.0,75000.0
19,107,1,1,24.0,300000.0
19,140,1,1,20.0,0.0
19,155,1,1,23.0,225000.0
19,157,1,1,20.0,0.0
19,159,1,1,26.0,600000.0
19,167,1,1,22.0,800000.0
19,170,1,1,20.0,0.0
19,188,1,1,32.0,400000.0
173,137,1,1,20.0,500000.0
173,139,1,1,22.0,50000.0
173,172,1,1,19.0,300000.0
173,193,1,1,38.0,25000.0
174,18,1,1,25.0,50000.0
174,23,1,1,29.0,450000.0
174,34,1,1,29.0,325000.0
174,81,1,1,21.0,0.0
172,174,1,1,21.0,0.0
172,188,1,1,30.0,200000.0
173,15,1,1,26.0,0.0
173,75,1,1,24.0,100000.0
173,96,1,1,23.0,100000.0
173,103,1,1,24.0,200000.0
173,106,1,1,27.0,300000.0
173,134,1,1,40.0,25000.0
172,75,1,1,23.0,0.0
172,81,1,1,27.0,650000.0
172,110,1,1,18.0,0.0
172,114,1,1,21.0,0.0
172,122,1,1,20.0,0.0
172,127,1,1,35.0,0.0
172,154,1,1,24.0,0.0
172,155,1,1,21.0,150000.0
168,148,1,1,18.0,0.0
168,168,1,1,21.0,0.0
170,19,1,1,20.0,0.0
172,0,1,1,23.0,300000.0
172,28,1,1,21.0,300000.0
172,40,1,1,23.0,200000.0
172,50,1,1,19.0,0.0
172,67,1,1,34.0,350000.0
174,184,1,1,23.0,400000.0
174,188,1,1,19.0,0.0
175,18,1,1,19.0,0.0
175,92,1,1,17.0,0.0
176,34,1,1,25.0,0.0
176,82,1,1,20.0,0.0
176,142,1,1,24.0,0.0
177,28,1,1,26.0,200000.0
18,87,1,1,29.0,400000.0
18,165,1,1,18.0,25000.0
19,18,1,1,27.0,350000.0
19,39,1,1,22.0,250000.0
19,56,1,1,26.0,350000.0
174,141,1,1,30.0,1000000.0
174,167,1,1,34.0,550000.0
174,183,1,1,27.0,1200000.0
16,106,1,1,29.0,0.0
16,159,1,1,31.0,150000.0
16,165,1,1,33.0,225000.0
17,184,1,1,19.0,0.0
18,5,1,1,29.0,350000.0
18,13,1,1,25.0,150000.0
18,75,1,1,32.0,0.0
18,81,1,1,31.0,450000.0
174,103,1,1,23.0,400000.0
174,122,1,1,23.0,300000.0
174,125,1,1,23.0,500000.0
174,134,1,1,25.0,25000.0
16,6,1,1,28.0,100000.0
16,22,1,1,20.0,50000.0
16,103,1,1,29.0,250000.0
16,104,1,1,35.0,75000.0
178,179,1,1,34.0,250000.0
178,189,1,1,29.0,400000.0
178,216,1,1,23.0,200000.0
179,23,1,1,28.0,200000.0
179,75,1,1,19.0,100000.0
179,83,1,1,23.0,650000.0
179,110,1,1,23.0,750000.0
179,132,1,1,25.0,550000.0
178,24,1,1,27.0,150000.0
178,50,1,1,20.0,0.0
178,56,1,1,25.0,600000.0
178,73,1,1,24.0,400000.0
178,112,1,1,25.0,300000.0
178,136,1,1,19.0,50000.0
178,147,1,1,30.0,1500000.0
178,177,1,1,27.0,750000.0
177,125,1,1,26.0,250000.0
177,136,1,1,18.0,0.0
177,141,1,1,26.0,1500000.0
177,154,1,1,27.0,0.0
177,178,1,1,26.0,1000000.0
177,180,1,1,16.0,0.0
177,215,1,1,27.0,500000.0
178,3,1,1,27.0,100000.0
177,34,1,1,28.0,500000.0
177,39,1,1,26.0,500000.0
177,67,1,1,24.0,400000.0
177,68,1,1,26.0,325000.0
177,71,1,1,27.0,750000.0
177,73,1,1,24.0,400000.0
177,87,1,1,24.0,700000.0
177,98,1,1,24.0,300000.0
180,67,1,1,32.0,200000.0
180,68,1,1,27.0,200000.0
180,77,1,1,23.0,300000.0
180,81,1,1,23.0,500000.0
180,96,1,1,30.0,175000.0
180,146,1,1,26.0,150000.0
180,218,1,1,30.0,450000.0
182,0,1,1,21.0,0.0
15,0,1,1,29.0,150000.0
15,23,1,1,20.0,0.0
15,67,1,1,33.0,100000.0
15,68,1,1,25.0,450000.0
15,81,1,1,29.0,500000.0
15,94,1,1,28.0,0.0
15,96,1,1,29.0,0.0
15,104,1,1,26.0,50000.0
13,13,1,1,28.0,350000.0
13,18,1,1,30.0,450000.0
13,56,1,1,27.0,400000.0
13,67,1,1,25.0,200000.0
13,74,1,1,29.0,500000.0
13,136,1,1,26.0,250000.0
13,153,1,1,27.0,300000.0
13,188,1,1,27.0,200000.0
179,133,1,1,30.0,475000.0
179,184,1,1,22.0,200000.0
179,188,1,1,32.0,450000.0
12,180,1,1,29.0,250000.0
12,184,1,1,22.0,100000.0
12,185,1,1,29.0,650000.0
12,190,1,1,18.0,50000.0
13,0,1,1,23.0,50000.0
184,67,1,1,29.0,300000.0
184,77,1,1,28.0,500000.0
184,79,1,1,24.0,75000.0
184,98,1,1,26.0,300000.0
184,120,1,1,24.0,100000.0
184,125,1,1,24.0,900000.0
184,127,1,1,24.0,200000.0
184,148,1,1,34.0,0.0
184,36,1,1,23.0,300000.0
184,39,1,1,20.0,175000.0
184,40,1,1,20.0,0.0
184,49,1,1,22.0,0.0
184,54,1,1,23.0,175000.0
184,56,1,1,30.0,500000.0
184,62,1,1,18.0,0.0
184,66,1,1,20.0,75000.0
183,107,1,1,24.0,500000.0
183,127,1,1,30.0,2000000.0
183,183,1,1,30.0,1000000.0
183,215,1,1,28.0,400000.0
184,12,1,1,21.0,100000.0
184,23,1,1,25.0,0.0
184,28,1,1,27.0,600000.0
184,33,1,1,21.0,150000.0
182,9,1,1,23.0,100000.0
182,67,1,1,32.0,300000.0
182,87,1,1,20.0,0.0
182,106,1,1,18.0,0.0
182,110,1,1,25.0,350000.0
183,34,1,1,25.0,1000000.0
183,67,1,1,27.0,400000.0
183,71,1,1,29.0,1000000.0
185,12,1,1,30.0,600000.0
185,26,1,1,30.0,550000.0
185,34,1,1,31.0,600000.0
185,68,1,1,29.0,100000.0
185,77,1,1,27.0,150000.0
185,80,1,1,26.0,125000.0
185,81,1,1,32.0,225000.0
185,103,1,1,26.0,325000.0
12,71,1,1,27.0,300000.0
12,75,1,1,26.0,450000.0
12,134,1,1,23.0,0.0
12,157,1,1,19.0,0.0
184,178,1,1,23.0,1500000.0
184,188,1,1,20.0,250000.0
184,190,1,1,20.0,250000.0
185,4,1,1,28.0,200000.0
10,83,1,1,22.0,125000.0
10,112,1,1,22.0,100000.0
10,140,1,1,19.0,0.0
10,154,1,1,18.0,25000.0
10,180,1,1,29.0,225000.0
10,188,1,1,24.0,175000.0
11,159,1,1,20.0,0.0
12,40,1,1,18.0,0.0
184,155,1,1,24.0,0.0
184,167,1,1,20.0,0.0
184,172,1,1,18.0,0.0
184,174,1,1,22.0,400000.0
9,184,1,1,19.0,0.0
10,15,1,1,29.0,150000.0
10,22,1,1,25.0,175000.0
10,81,1,1,27.0,200000.0
6,103,1,1,28.0,100000.0
7,134,1,1,22.0,0.0
7,224,1,1,19.0,0.0
9,26,1,1,20.0,750000.0
9,34,1,1,21.0,0.0
9,56,1,1,24.0,125000.0
188,127,1,1,32.0,0.0
188,135,1,1,25.0,0.0
4,0,1,1,24.0,100000.0
4,19,1,1,23.0,550000.0
4,28,1,1,25.0,100000.0
4,146,1,1,29.0,100000.0
5,50,1,1,27.0,100000.0
5,75,1,1,25.0,50000.0
5,106,1,1,30.0,300000.0
5,140,1,1,29.0,250000.0
188,103,1,1,25.0,75000.0
188,107,1,1,25.0,300000.0
2,240,1,1,27.0,250000.0
3,100,1,1,30.0,200000.0
3,103,1,1,32.0,50000.0
3,141,1,1,26.0,175000.0
3,148,1,1,19.0,100000.0
3,178,1,1,23.0,825000.0
185,159,1,1,26.0,150000.0
188,1,1,1,22.0,0.0
188,21,1,1,18.0,0.0
188,24,1,1,27.0,250000.0
188,28,1,1,27.0,400000.0
188,39,1,1,25.0,200000.0
188,40,1,1,28.0,800000.0
188,90,1,1,29.0,0.0
2,28,1,1,24.0,400000.0
2,40,1,1,24.0,0.0
2,112,1,1,20.0,250000.0
2,173,1,1,25.0,150000.0
2,174,1,1,25.0,350000.0
189,77,1,1,28.0,500000.0
189,98,1,1,20.0,0.0
189,120,1,1,20.0,75000.0
0,178,1,1,28.0,500000.0
0,191,1,1,28.0,0.0
0,192,1,1,30.0,100000.0
0,193,1,1,15.0,0.0
0,219,1,1,15.0,0.0
0,266,1,1,32.0,0.0
1,188,1,1,22.0,0.0
2,4,1,1,24.0,150000.0
188,216,1,1,29.0,75000.0
189,26,1,1,25.0,500000.0
189,34,1,1,32.0,150000.0
189,39,1,1,20.0,0.0
189,49,1,1,26.0,250000.0
189,73,1,1,21.0,0.0
189,74,1,1,29.0,300000.0
0,173,1,1,36.0,400000.0
188,141,1,1,21.0,500000.0
188,147,1,1,20.0,0.0
188,154,1,1,31.0,250000.0
188,166,1,1,22.0,0.0
188,167,1,1,28.0,225000.0
188,179,1,1,32.0,300000.0
188,184,1,1,26.0,150000.0
188,190,1,1,25.0,700000.0
0,153,1,1,23.0,150000.0
0,154,1,1,23.0,250000.0
0,158,1,1,26.0,100000.0
0,165,1,1,33.0,0.0
0,172,1,1,24.0,0.0
190,87,1,1,23.0,150000.0
190,103,1,1,32.0,100000.0
190,136,1,1,21.0,1000000.0
0,117,1,1,18.0,0.0
0,119,1,1,18.0,0.0
0,120,1,1,33.0,0.0
0,124,1,1,17.0,0.0
0,127,1,1,23.0,10000.0
0,137,1,1,32.0,1200000.0
0,139,1,1,26.0,0.0
0,141,1,1,24.0,200000.0
189,215,1,1,21.0,0.0
190,2,1,1,20.0,0.0
190,50,1,1,21.0,350000.0
190,56,1,1,24.0,150000.0
190,80,1,1,29.0,250000.0
190,81,1,1,28.0,300000.0
0,114,1,1,22.0,0.0
0,116,1,1,25.0,0.0
189,125,1,1,20.0,350000.0
189,134,1,1,24.0,0.0
189,136,1,1,22.0,0.0
189,140,1,1,22.0,100000.0
189,148,1,1,24.0,475000.0
189,153,1,1,28.0,50000.0
189,188,1,1,33.0,1000000.0
189,191,1,1,28.0,0.0
249,148,1,1,21.0,0.0
249,167,1,1,31.0,300000.0
266,0,1,1,32.0,75000.0
266,106,1,1,29.0,50000.0
266,134,1,1,29.0,50000.0
266,189,1,1,22.0,0.0
266,266,1,1,20.0,0.0
0,27,1,1,19.0,0.0
216,103,1,1,25.0,75000.0
216,127,1,1,20.0,0.0
244,68,1,1,28.0,325000.0
244,96,1,1,28.0,300000.0
244,147,1,1,18.0,0.0
244,153,1,1,26.0,200000.0
244,167,1,1,24.0,200000.0
244,244,1,1,17.0,0.0
215,188,1,1,26.0,350000.0
215,189,1,1,22.0,0.0
215,216,1,1,26.0,150000.0
216,34,1,1,26.0,600000.0
216,39,1,1,22.0,250000.0
216,68,1,1,28.0,600000.0
216,81,1,1,24.0,100000.0
216,91,1,1,24.0,75000.0
215,100,1,1,19.0,50000.0
215,104,1,1,28.0,200000.0
215,106,1,1,26.0,150000.0
215,141,1,1,27.0,1500000.0
215,148,1,1,25.0,300000.0
215,167,1,1,27.0,350000.0
215,180,1,1,23.0,300000.0
215,184,1,1,23.0,100000.0
244,3,1,1,20.0,0.0
70,0,1,1,31.0,0.0
70,68,1,1,22.0,175000.0
70,70,1,1,26.0,0.0
70,71,1,1,28.0,300000.0
70,167,1,1,33.0,100000.0
71,67,1,1,32.0,200000.0
71,70,1,1,28.0,300000.0
240,68,1,1,28.0,250000.0
240,146,1,1,24.0,0.0
242,68,1,1,,50000.0
242,79,1,1,20.0,25000.0
242,103,1,1,21.0,0.0
242,134,1,1,22.0,50000.0
242,167,1,1,20.0,0.0
242,219,1,1,24.0,75000.0
218,68,1,1,30.0,500000.0
218,77,1,1,22.0,100000.0
219,68,1,1,25.0,75000.0
219,218,1,1,21.0,0.0
219,219,1,1,20.0,0.0
224,7,1,1,18.0,0.0
224,184,1,1,21.0,0.0
229,7,1,1,21.0,0.0
0,29,1,1,16.0,0.0
0,32,1,1,24.0,0.0
0,38,1,1,20.0,0.0
216,159,1,1,24.0,125000.0
216,184,1,1,27.0,125000.0
216,218,1,1,29.0,200000.0
216,244,1,1,26.0,200000.0
218,26,1,1,25.0,450000.0
